entity_id	status	effective	asserted_on	recorded	source_id
SSA:0000101	alive	1998		2026-07-27	SEED
SSA:0000102	alive	2020-09		2026-07-27	SEED
SSA:0000103	presumed_dead	2018-09	2018-09-13	2026-07-27	SEED
SSA:0000104	alive	1992		2026-07-27	SEED
SSA:0000105	alive	1977		2026-07-27	SEED
SSA:0010000	alive	1979		2026-07-28	BIGGS-SHEET
SSA:0010001	alive	1989		2026-07-28	BIGGS-SHEET
SSA:0010002	alive	2002		2026-07-28	BIGGS-SHEET
SSA:0010003	dead	../2026-07		2026-07-28	BIGGS-SHEET
SSA:0010004	alive	2011		2026-07-28	BIGGS-SHEET
SSA:0010005	dead	../2026-07		2026-07-28	BIGGS-SHEET
SSA:0010006	alive	2020		2026-07-28	BIGGS-SHEET
SSA:0010007	alive	2025		2026-07-28	BIGGS-SHEET
SSA:0010008	dead	../2026-07		2026-07-28	BIGGS-SHEET
SSA:0010009	dead	../2026-07		2026-07-28	BIGGS-SHEET
SSA:0010010	alive	1982		2026-07-28	BIGGS-SHEET
SSA:0010011	alive	2005		2026-07-28	BIGGS-SHEET
SSA:0010012	alive	2010		2026-07-28	BIGGS-SHEET
SSA:0010013	alive	2018		2026-07-28	BIGGS-SHEET
SSA:0010014	alive	2022		2026-07-28	BIGGS-SHEET
SSA:0010016	dead	../2026-07		2026-07-28	BIGGS-SHEET
SSA:0010017	dead	../2026-07		2026-07-28	BIGGS-SHEET
SSA:0010018	dead	../2026-07		2026-07-28	BIGGS-SHEET
SSA:0010019	alive	1978		2026-07-28	BIGGS-SHEET
SSA:0010020	dead	../2026-07		2026-07-28	BIGGS-SHEET
SSA:0010023	alive	1995		2026-07-28	BIGGS-SHEET
SSA:0010024	alive	2001		2026-07-28	BIGGS-SHEET
SSA:0010025	dead	../2026-07		2026-07-28	BIGGS-SHEET
SSA:0010026	dead	../2026-07		2026-07-28	BIGGS-SHEET
SSA:0010028	alive	1990		2026-07-28	BIGGS-SHEET
SSA:0010029	alive	2009		2026-07-28	BIGGS-SHEET
SSA:0010030	alive	2013		2026-07-28	BIGGS-SHEET
SSA:0010031	alive	2018		2026-07-28	BIGGS-SHEET
SSA:0010032	alive	2023		2026-07-28	BIGGS-SHEET
SSA:0010033	alive	1993		2026-07-28	BIGGS-SHEET
SSA:0010034	alive	2012		2026-07-28	BIGGS-SHEET
SSA:0010035	alive	2015		2026-07-28	BIGGS-SHEET
SSA:0010036	alive	2019		2026-07-28	BIGGS-SHEET
SSA:0010038	alive	1990		2026-07-28	BIGGS-SHEET
SSA:0010040	alive	1994		2026-07-28	BIGGS-SHEET
SSA:0010041	alive	2012		2026-07-28	BIGGS-SHEET
SSA:0010042	alive	2018		2026-07-28	BIGGS-SHEET
SSA:0010043	alive	2021		2026-07-28	BIGGS-SHEET
SSA:0010044	alive	1997		2026-07-28	BIGGS-SHEET
SSA:0010045	alive	2015		2026-07-28	BIGGS-SHEET
SSA:0010046	alive	2018		2026-07-28	BIGGS-SHEET
SSA:0010047	alive	2003		2026-07-28	BIGGS-SHEET
SSA:0010048	alive	2007		2026-07-28	BIGGS-SHEET
SSA:0010049	alive	2013		2026-07-28	BIGGS-SHEET
SSA:0010050	dead	../2026-07		2026-07-28	BIGGS-SHEET
SSA:0010051	alive	1986		2026-07-28	BIGGS-SHEET
SSA:0010052	alive	1993		2026-07-28	BIGGS-SHEET
SSA:0010053	alive	2012		2026-07-28	BIGGS-SHEET
SSA:0010054	alive	2017		2026-07-28	BIGGS-SHEET
SSA:0010055	alive	2024		2026-07-28	BIGGS-SHEET
SSA:0010056	alive	2005		2026-07-28	BIGGS-SHEET
SSA:0010057	dead	../2026-07		2026-07-28	BIGGS-SHEET
SSA:0010059	alive	2007		2026-07-28	BIGGS-SHEET
SSA:0010060	dead	../2026-07		2026-07-28	BIGGS-SHEET
SSA:0010061	alive	2024		2026-07-28	BIGGS-SHEET
SSA:0010062	alive	2017		2026-07-28	BIGGS-SHEET
SSA:0010064	alive	1998		2026-07-28	BIGGS-SHEET
SSA:0010065	alive	2010		2026-07-28	BIGGS-SHEET
SSA:0010066	alive	2013		2026-07-28	BIGGS-SHEET
SSA:0010067	alive	2018		2026-07-28	BIGGS-SHEET
SSA:0010068	alive	2022		2026-07-28	BIGGS-SHEET
SSA:0010070	alive	1990		2026-07-28	BIGGS-SHEET
SSA:0010071	alive	2005		2026-07-28	BIGGS-SHEET
SSA:0010072	alive	2022		2026-07-28	BIGGS-SHEET
SSA:0010073	alive	2012		2026-07-28	BIGGS-SHEET
SSA:0010074	alive	2015		2026-07-28	BIGGS-SHEET
SSA:0010075	alive	2021		2026-07-28	BIGGS-SHEET
SSA:0010076	alive	1998		2026-07-28	BIGGS-SHEET
SSA:0010077	alive	2009		2026-07-28	BIGGS-SHEET
SSA:0010078	alive	2025		2026-07-28	BIGGS-SHEET
SSA:0010079	alive	2013		2026-07-28	BIGGS-SHEET
SSA:0010080	dead	../2026-07		2026-07-28	BIGGS-SHEET
SSA:0010081	alive	2024		2026-07-28	BIGGS-SHEET
SSA:0010082	alive	1979		2026-07-28	BIGGS-SHEET
SSA:0010083	alive	1994		2026-07-28	BIGGS-SHEET
SSA:0010084	alive	2007		2026-07-28	BIGGS-SHEET
SSA:0010085	alive	2009		2026-07-28	BIGGS-SHEET
SSA:0010086	alive	2013		2026-07-28	BIGGS-SHEET
SSA:0010087	alive	2015		2026-07-28	BIGGS-SHEET
SSA:0010088	dead	../2026-07		2026-07-28	BIGGS-SHEET
SSA:0010089	alive	1998		2026-07-28	BIGGS-SHEET
SSA:0010090	alive	2012		2026-07-28	BIGGS-SHEET
SSA:0010091	dead	../2026-07		2026-07-28	BIGGS-SHEET
SSA:0010092	alive	2022		2026-07-28	BIGGS-SHEET
SSA:0010093	alive	1980		2026-07-28	BIGGS-SHEET
SSA:0010094	alive	2000		2026-07-28	BIGGS-SHEET
SSA:0010095	dead	../2026-07		2026-07-28	BIGGS-SHEET
SSA:0010096	alive	2020		2026-07-28	BIGGS-SHEET
SSA:0010097	alive	2024		2026-07-28	BIGGS-SHEET
SSA:0010098	alive	2003		2026-07-28	BIGGS-SHEET
SSA:0010099	alive	2018		2026-07-28	BIGGS-SHEET
SSA:0010100	alive	2023		2026-07-28	BIGGS-SHEET
SSA:0010101	alive	2008		2026-07-28	BIGGS-SHEET
SSA:0010102	alive	2012		2026-07-28	BIGGS-SHEET
SSA:0010103	alive	2017		2026-07-28	BIGGS-SHEET
SSA:0010104	alive	2023		2026-07-28	BIGGS-SHEET
SSA:0010105	dead	../2026-07		2026-07-28	BIGGS-SHEET
SSA:0010107	alive	1988		2026-07-28	BIGGS-SHEET
SSA:0010108	dead	../2026-07		2026-07-28	BIGGS-SHEET
SSA:0010109	alive	2013		2026-07-28	BIGGS-SHEET
SSA:0010110	alive	2018		2026-07-28	BIGGS-SHEET
SSA:0010111	dead	../2026-07		2026-07-28	BIGGS-SHEET
SSA:0010112	alive	1988		2026-07-28	BIGGS-SHEET
SSA:0010113	alive	2003		2026-07-28	BIGGS-SHEET
SSA:0010114	alive	2015		2026-07-28	BIGGS-SHEET
SSA:0010115	dead	../2026-07		2026-07-28	BIGGS-SHEET
SSA:0010116	alive	2022		2026-07-28	BIGGS-SHEET
SSA:0010117	alive	2008		2026-07-28	BIGGS-SHEET
SSA:0010118	dead	../2026-07		2026-07-28	BIGGS-SHEET
SSA:0010119	alive	2023		2026-07-28	BIGGS-SHEET
SSA:0010120	alive	2011		2026-07-28	BIGGS-SHEET
SSA:0010121	alive	2025		2026-07-28	BIGGS-SHEET
SSA:0010122	alive	2013		2026-07-28	BIGGS-SHEET
SSA:0010123	dead	../2026-07		2026-07-28	BIGGS-SHEET
SSA:0010124	alive	2019		2026-07-28	BIGGS-SHEET
SSA:0010125	alive	2023		2026-07-28	BIGGS-SHEET
SSA:0010126	alive	1994		2026-07-28	BIGGS-SHEET
SSA:0010127	alive	2006		2026-07-28	BIGGS-SHEET
SSA:0010128	alive	2009		2026-07-28	BIGGS-SHEET
SSA:0010129	alive	2013		2026-07-28	BIGGS-SHEET
SSA:0010130	alive	2018		2026-07-28	BIGGS-SHEET
SSA:0010131	alive	2025		2026-07-28	BIGGS-SHEET
SSA:0010132	alive	2000		2026-07-28	BIGGS-SHEET
SSA:0010133	alive	2003		2026-07-28	BIGGS-SHEET
SSA:0010134	alive	2012		2026-07-28	BIGGS-SHEET
SSA:0010135	alive	1986		2026-07-28	BIGGS-SHEET
SSA:0010136	alive	2001		2026-07-28	BIGGS-SHEET
SSA:0010137	alive	2007		2026-07-28	BIGGS-SHEET
SSA:0010138	alive	2011		2026-07-28	BIGGS-SHEET
SSA:0010139	alive	2014		2026-07-28	BIGGS-SHEET
SSA:0010140	alive	2017		2026-07-28	BIGGS-SHEET
SSA:0010141	alive	2022		2026-07-28	BIGGS-SHEET
SSA:0010142	alive	1992		2026-07-28	BIGGS-SHEET
SSA:0010143	dead	../2026-07		2026-07-28	BIGGS-SHEET
SSA:0010144	alive	2010		2026-07-28	BIGGS-SHEET
SSA:0010145	alive	2013		2026-07-28	BIGGS-SHEET
SSA:0010146	alive	2019		2026-07-28	BIGGS-SHEET
SSA:0010147	alive	2023		2026-07-28	BIGGS-SHEET
SSA:0010148	alive	1998		2026-07-28	BIGGS-SHEET
SSA:0010149	alive	1980		2026-07-28	BIGGS-SHEET
SSA:0010150	dead	../2026-07		2026-07-28	BIGGS-SHEET
SSA:0010151	alive	1999		2026-07-28	BIGGS-SHEET
SSA:0010152	alive	2012		2026-07-28	BIGGS-SHEET
SSA:0010153	alive	2020		2026-07-28	BIGGS-SHEET
SSA:0010154	dead	../2026-07		2026-07-28	BIGGS-SHEET
SSA:0010155	alive	2011		2026-07-28	BIGGS-SHEET
SSA:0010156	alive	2013		2026-07-28	BIGGS-SHEET
SSA:0010157	alive	1981		2026-07-28	BIGGS-SHEET
SSA:0010158	alive	1972		2026-07-28	BIGGS-SHEET
SSA:0010160	alive	1989		2026-07-28	BIGGS-SHEET
SSA:0010161	alive	1994		2026-07-28	BIGGS-SHEET
SSA:0010162	alive	2021		2026-07-28	BIGGS-SHEET
SSA:0010163	alive	2004		2026-07-28	BIGGS-SHEET
SSA:0010164	dead	../2026-07		2026-07-28	BIGGS-SHEET
SSA:0010165	dead	../2026-07		2026-07-28	BIGGS-SHEET
SSA:0010166	dead	../2026-07		2026-07-28	BIGGS-SHEET
SSA:0010168	alive	1995		2026-07-28	BIGGS-SHEET
SSA:0010169	alive	2006		2026-07-28	BIGGS-SHEET
SSA:0010170	alive	2023		2026-07-28	BIGGS-SHEET
SSA:0010171	alive	2009		2026-07-28	BIGGS-SHEET
SSA:0010172	alive	2013		2026-07-28	BIGGS-SHEET
SSA:0010173	alive	2017		2026-07-28	BIGGS-SHEET
SSA:0010174	alive	2020		2026-07-28	BIGGS-SHEET
SSA:0010176	alive	2001		2026-07-28	BIGGS-SHEET
SSA:0010177	alive	2004		2026-07-28	BIGGS-SHEET
SSA:0010178	alive	2008		2026-07-28	BIGGS-SHEET
SSA:0010179	alive	2012		2026-07-28	BIGGS-SHEET
SSA:0010180	alive	2019		2026-07-28	BIGGS-SHEET
SSA:0010181	alive	1978		2026-07-28	BIGGS-SHEET
SSA:0010183	alive	1993		2026-07-28	BIGGS-SHEET
SSA:0010184	dead	../2026-07		2026-07-28	BIGGS-SHEET
SSA:0010185	alive	2014		2026-07-28	BIGGS-SHEET
SSA:0010186	alive	2018		2026-07-28	BIGGS-SHEET
SSA:0010187	alive	2021		2026-07-28	BIGGS-SHEET
SSA:0010188	alive	2002		2026-07-28	BIGGS-SHEET
SSA:0010189	alive	2013		2026-07-28	BIGGS-SHEET
SSA:0010190	alive	2024		2026-07-28	BIGGS-SHEET
SSA:0010191	alive	2019		2026-07-28	BIGGS-SHEET
SSA:0010193	alive	1986		2026-07-28	BIGGS-SHEET
SSA:0010194	alive	2004		2026-07-28	BIGGS-SHEET
SSA:0010195	alive	2007		2026-07-28	BIGGS-SHEET
SSA:0010196	alive	2011		2026-07-28	BIGGS-SHEET
SSA:0010197	alive	2014		2026-07-28	BIGGS-SHEET
SSA:0010198	alive	2018		2026-07-28	BIGGS-SHEET
SSA:0010199	alive	1993		2026-07-28	BIGGS-SHEET
SSA:0010200	alive	2011		2026-07-28	BIGGS-SHEET
SSA:0010201	alive	2019		2026-07-28	BIGGS-SHEET
SSA:0010202	alive	2023		2026-07-28	BIGGS-SHEET
SSA:0010204	alive	1984		2026-07-28	BIGGS-SHEET
SSA:0010205	alive	1987		2026-07-28	BIGGS-SHEET
SSA:0010206	alive	2001		2026-07-28	BIGGS-SHEET
SSA:0010207	alive	2013		2026-07-28	BIGGS-SHEET
SSA:0010208	alive	2019		2026-07-28	BIGGS-SHEET
SSA:0010209	alive	2025		2026-07-28	BIGGS-SHEET
SSA:0010210	alive	2004		2026-07-28	BIGGS-SHEET
SSA:0010211	alive	2010		2026-07-28	BIGGS-SHEET
SSA:0010212	alive	2014		2026-07-28	BIGGS-SHEET
SSA:0010213	alive	2019		2026-07-28	BIGGS-SHEET
SSA:0010214	alive	1992		2026-07-28	BIGGS-SHEET
SSA:0010215	alive	2007		2026-07-28	BIGGS-SHEET
SSA:0010216	alive	2012		2026-07-28	BIGGS-SHEET
SSA:0010217	alive	2024		2026-07-28	BIGGS-SHEET
SSA:0010218	alive	2014		2026-07-28	BIGGS-SHEET
SSA:0010219	dead	../2026-07		2026-07-28	BIGGS-SHEET
SSA:0010220	alive	2023		2026-07-28	BIGGS-SHEET
SSA:0010222	alive	1989		2026-07-28	BIGGS-SHEET
SSA:0010223	alive	2006		2026-07-28	BIGGS-SHEET
SSA:0010224	alive	2011		2026-07-28	BIGGS-SHEET
SSA:0010225	alive	2016		2026-07-28	BIGGS-SHEET
SSA:0010226	dead	../2026-07		2026-07-28	BIGGS-SHEET
SSA:0010227	alive	2023		2026-07-28	BIGGS-SHEET
SSA:0010228	alive	1995		2026-07-28	BIGGS-SHEET
SSA:0010229	alive	2001		2026-07-28	BIGGS-SHEET
SSA:0010230	alive	2013		2026-07-28	BIGGS-SHEET
SSA:0010231	alive	2016		2026-07-28	BIGGS-SHEET
SSA:0010232	alive	2020		2026-07-28	BIGGS-SHEET
SSA:0010233	alive	2024		2026-07-28	BIGGS-SHEET
SSA:0010234	alive	2004		2026-07-28	BIGGS-SHEET
SSA:0010235	alive	2010		2026-07-28	BIGGS-SHEET
SSA:0010236	alive	1970		2026-07-28	BIGGS-SHEET
SSA:0010237	alive	1980		2026-07-28	BIGGS-SHEET
SSA:0010238	dead	../2026-07		2026-07-28	BIGGS-SHEET
SSA:0010239	alive	2000		2026-07-28	BIGGS-SHEET
SSA:0010240	alive	2013		2026-07-28	BIGGS-SHEET
SSA:0010241	alive	2018		2026-07-28	BIGGS-SHEET
SSA:0010242	alive	2024		2026-07-28	BIGGS-SHEET
SSA:0010243	alive	2007		2026-07-28	BIGGS-SHEET
SSA:0010244	alive	2011		2026-07-28	BIGGS-SHEET
SSA:0010245	alive	2017		2026-07-28	BIGGS-SHEET
SSA:0010246	alive	1974		2026-07-28	BIGGS-SHEET
SSA:0010248	alive	1987		2026-07-28	BIGGS-SHEET
SSA:0010249	alive	2005		2026-07-28	BIGGS-SHEET
SSA:0010250	alive	2010		2026-07-28	BIGGS-SHEET
SSA:0010251	alive	2015		2026-07-28	BIGGS-SHEET
SSA:0010252	alive	1991		2026-07-28	BIGGS-SHEET
SSA:0010253	alive	1998		2026-07-28	BIGGS-SHEET
SSA:0010254	alive	2012		2026-07-28	BIGGS-SHEET
SSA:0010255	alive	2021		2026-07-28	BIGGS-SHEET
SSA:0010256	alive	2005		2026-07-28	BIGGS-SHEET
SSA:0010257	alive	1979		2026-07-28	BIGGS-SHEET
SSA:0010259	alive	1991		2026-07-28	BIGGS-SHEET
SSA:0010260	alive	1995		2026-07-28	BIGGS-SHEET
SSA:0010261	dead	../2026-07		2026-07-28	BIGGS-SHEET
SSA:0010262	alive	2015		2026-07-28	BIGGS-SHEET
SSA:0010263	alive	2017		2026-07-28	BIGGS-SHEET
SSA:0010264	alive	2021		2026-07-28	BIGGS-SHEET
SSA:0010265	alive	1998		2026-07-28	BIGGS-SHEET
SSA:0010266	dead	../2026-07		2026-07-28	BIGGS-SHEET
SSA:0010267	dead	../2026-07		2026-07-28	BIGGS-SHEET
SSA:0010268	alive	2021		2026-07-28	BIGGS-SHEET
SSA:0010269	alive	2023		2026-07-28	BIGGS-SHEET
SSA:0010271	presumed_dead	../2026-07		2026-07-28	BIGGS-SHEET
SSA:0010272	dead	../2026-07		2026-07-28	BIGGS-SHEET
SSA:0010273	alive	2006		2026-07-28	BIGGS-SHEET
SSA:0010274	alive	2009		2026-07-28	BIGGS-SHEET
SSA:0010275	alive	2016		2026-07-28	BIGGS-SHEET
SSA:0010277	dead	../2026-07		2026-07-28	BIGGS-SHEET
SSA:0010278	alive	1995		2026-07-28	BIGGS-SHEET
SSA:0010279	dead	../2026-07		2026-07-28	BIGGS-SHEET
SSA:0010280	alive	2014		2026-07-28	BIGGS-SHEET
SSA:0010281	alive	1988		2026-07-28	BIGGS-SHEET
SSA:0010282	alive	2001		2026-07-28	BIGGS-SHEET
SSA:0010283	dead	../2026-07		2026-07-28	BIGGS-SHEET
SSA:0010284	alive	2023		2026-07-28	BIGGS-SHEET
SSA:0010285	alive	2011		2026-07-28	BIGGS-SHEET
SSA:0010286	alive	2024		2026-07-28	BIGGS-SHEET
SSA:0010287	alive	2016		2026-07-28	BIGGS-SHEET
SSA:0010288	alive	2024		2026-07-28	BIGGS-SHEET
SSA:0010290	alive	1980		2026-07-28	BIGGS-SHEET
SSA:0010291	alive	2006		2026-07-28	BIGGS-SHEET
SSA:0010292	alive	2010		2026-07-28	BIGGS-SHEET
SSA:0010293	alive	2017		2026-07-28	BIGGS-SHEET
SSA:0010295	presumed_dead	../2026-07		2026-07-28	BIGGS-SHEET
SSA:0010296	alive	1980		2026-07-28	BIGGS-SHEET
SSA:0010298	dead	../2026-07		2026-07-28	BIGGS-SHEET
SSA:0010299	alive	2007		2026-07-28	BIGGS-SHEET
SSA:0010300	alive	2024		2026-07-28	BIGGS-SHEET
SSA:0010301	alive	2009		2026-07-28	BIGGS-SHEET
SSA:0010302	alive	2015		2026-07-28	BIGGS-SHEET
SSA:0010303	alive	2021		2026-07-28	BIGGS-SHEET
SSA:0010305	alive	1997		2026-07-28	BIGGS-SHEET
SSA:0010306	alive	2010		2026-07-28	BIGGS-SHEET
SSA:0010307	dead	../2026-07		2026-07-28	BIGGS-SHEET
SSA:0010308	alive	2024		2026-07-28	BIGGS-SHEET
SSA:0010309	alive	2002		2026-07-28	BIGGS-SHEET
SSA:0010310	alive	2009		2026-07-28	BIGGS-SHEET
SSA:0010311	alive	2014		2026-07-28	BIGGS-SHEET
SSA:0010313	alive	1993		2026-07-28	BIGGS-SHEET
SSA:0010314	alive	1997		2026-07-28	BIGGS-SHEET
SSA:0010315	dead	../2026-07		2026-07-28	BIGGS-SHEET
SSA:0010318	alive	1990		2026-07-28	BIGGS-SHEET
SSA:0010319	alive	2005		2026-07-28	BIGGS-SHEET
SSA:0010320	alive	2016		2026-07-28	BIGGS-SHEET
SSA:0010321	alive	2018		2026-07-28	BIGGS-SHEET
SSA:0010322	alive	2021		2026-07-28	BIGGS-SHEET
SSA:0010323	alive	2023		2026-07-28	BIGGS-SHEET
SSA:0010324	dead	../2026-07		2026-07-28	BIGGS-SHEET
SSA:0010325	alive	2022		2026-07-28	BIGGS-SHEET
SSA:0010326	alive	2012		2026-07-28	BIGGS-SHEET
SSA:0010327	alive	2014		2026-07-28	BIGGS-SHEET
SSA:0010328	alive	2018		2026-07-28	BIGGS-SHEET
SSA:0010329	alive	2021		2026-07-28	BIGGS-SHEET
SSA:0010330	alive	2024		2026-07-28	BIGGS-SHEET
SSA:0010331	alive	1996		2026-07-28	BIGGS-SHEET
SSA:0010332	alive	2013		2026-07-28	BIGGS-SHEET
SSA:0010333	alive	2015		2026-07-28	BIGGS-SHEET
SSA:0010334	alive	2018		2026-07-28	BIGGS-SHEET
SSA:0010335	alive	2024		2026-07-28	BIGGS-SHEET
SSA:0010336	alive	2002		2026-07-28	BIGGS-SHEET
SSA:0010337	alive	2012		2026-07-28	BIGGS-SHEET
SSA:0010338	alive	2017		2026-07-28	BIGGS-SHEET
SSA:0010339	alive	2022		2026-07-28	BIGGS-SHEET
SSA:0010340	alive	2007		2026-07-28	BIGGS-SHEET
SSA:0010341	alive	2018		2026-07-28	BIGGS-SHEET
SSA:0010342	alive	2021		2026-07-28	BIGGS-SHEET
SSA:0010343	alive	2013		2026-07-28	BIGGS-SHEET
SSA:0010345	alive	1990		2026-07-28	BIGGS-SHEET
SSA:0010346	alive	2006		2026-07-28	BIGGS-SHEET
SSA:0010347	alive	2000		2026-07-28	BIGGS-SHEET
SSA:0010350	alive	2007		2026-07-28	BIGGS-SHEET
SSA:0010351	unknown	../2026-07		2026-07-28	BIGGS-SHEET
SSA:0010353	unknown	../2026-07		2026-07-28	BIGGS-SHEET
SSA:0010354	dead	../2026-07		2026-07-28	BIGGS-SHEET
SSA:0010359	alive	1992		2026-07-28	BIGGS-SHEET
SSA:0010360	alive	2005		2026-07-28	BIGGS-SHEET
SSA:0010361	alive	2023		2026-07-28	BIGGS-SHEET
SSA:0010362	presumed_dead	../2026-07		2026-07-28	BIGGS-SHEET
SSA:0010363	alive	1986		2026-07-28	BIGGS-SHEET
SSA:0010364	alive	1998		2026-07-28	BIGGS-SHEET
SSA:0010365	dead	../2026-07		2026-07-28	BIGGS-SHEET
SSA:0010366	alive	2018		2026-07-28	BIGGS-SHEET
SSA:0010367	alive	2024		2026-07-28	BIGGS-SHEET
SSA:0010369	alive	1985		2026-07-28	BIGGS-SHEET
SSA:0010370	alive	2000		2026-07-28	BIGGS-SHEET
SSA:0010371	alive	2012		2026-07-28	BIGGS-SHEET
SSA:0010372	alive	2018		2026-07-28	BIGGS-SHEET
SSA:0010373	dead	../2026-07		2026-07-28	BIGGS-SHEET
SSA:0010374	alive	1984		2026-07-28	BIGGS-SHEET
SSA:0010375	alive	1996		2026-07-28	BIGGS-SHEET
SSA:0010376	alive	2024		2026-07-28	BIGGS-SHEET
SSA:0010377	alive	2001		2026-07-28	BIGGS-SHEET
SSA:0010378	alive	2013		2026-07-28	BIGGS-SHEET
SSA:0010379	alive	2016		2026-07-28	BIGGS-SHEET
SSA:0010380	dead	../2026-07		2026-07-28	BIGGS-SHEET
SSA:0010381	dead	../2026-07		2026-07-28	BIGGS-SHEET
SSA:0010382	alive	2010		2026-07-28	BIGGS-SHEET
SSA:0010383	alive	2021		2026-07-28	BIGGS-SHEET
SSA:0010384	alive	2016		2026-07-28	BIGGS-SHEET
SSA:0010385	alive	2021		2026-07-28	BIGGS-SHEET
SSA:0010386	alive	1992		2026-07-28	BIGGS-SHEET
SSA:0010387	alive	1996		2026-07-28	BIGGS-SHEET
SSA:0010388	alive	2014		2026-07-28	BIGGS-SHEET
SSA:0010389	dead	../2026-07		2026-07-28	BIGGS-SHEET
SSA:0010390	alive	2021		2026-07-28	BIGGS-SHEET
SSA:0010391	alive	2024		2026-07-28	BIGGS-SHEET
SSA:0010392	dead	../2026-07		2026-07-28	BIGGS-SHEET
SSA:0010394	alive	1998		2026-07-28	BIGGS-SHEET
SSA:0010395	alive	1984		2026-07-28	BIGGS-SHEET
SSA:0010396	alive	1988		2026-07-28	BIGGS-SHEET
SSA:0010397	unknown	../2026-07		2026-07-28	BIGGS-SHEET
SSA:0010398	unknown	../2026-07		2026-07-28	BIGGS-SHEET
SSA:0010399	unknown	../2026-07		2026-07-28	BIGGS-SHEET
SSA:0010401	unknown	../2026-07		2026-07-28	BIGGS-SHEET
SSA:0010403	unknown	../2026-07		2026-07-28	BIGGS-SHEET
SSA:0010404	alive	1984		2026-07-28	BIGGS-SHEET
SSA:0010405	alive	2002		2026-07-28	BIGGS-SHEET
SSA:0010406	alive	2006		2026-07-28	BIGGS-SHEET
SSA:0010407	alive	2012		2026-07-28	BIGGS-SHEET
SSA:0010410	alive	2004		2026-07-28	BIGGS-SHEET
SSA:0010411	alive	2008		2026-07-28	BIGGS-SHEET
SSA:0010412	alive	1989		2026-07-28	BIGGS-SHEET
SSA:0010413	dead	../2026-07		2026-07-28	BIGGS-SHEET
SSA:0010414	alive	2012		2026-07-28	BIGGS-SHEET
SSA:0010415	alive	2017		2026-07-28	BIGGS-SHEET
SSA:0010416	unknown	../2026-07		2026-07-28	BIGGS-SHEET
SSA:0010417	unknown	../2026-07		2026-07-28	BIGGS-SHEET
SSA:0010418	alive	1987		2026-07-28	BIGGS-SHEET
SSA:0010419	alive	1999		2026-07-28	BIGGS-SHEET
SSA:0010420	alive	2018		2026-07-28	BIGGS-SHEET
SSA:0010421	alive	2023		2026-07-28	BIGGS-SHEET
SSA:0010422	alive	2002		2026-07-28	BIGGS-SHEET
SSA:0010423	alive	2004		2026-07-28	BIGGS-SHEET
SSA:0010424	alive	2019		2026-07-28	BIGGS-SHEET
SSA:0010425	alive	2008		2026-07-28	BIGGS-SHEET
SSA:0010426	dead	../2026-07		2026-07-28	BIGGS-SHEET
SSA:0010427	presumed_dead	../2026-07		2026-07-28	BIGGS-SHEET
SSA:0010428	presumed_dead	../2026-07		2026-07-28	BIGGS-SHEET
SSA:0010429	unknown	../2026-07		2026-07-28	BIGGS-SHEET
SSA:0010430	alive	1990		2026-07-28	BIGGS-SHEET
SSA:0010432	alive	2005		2026-07-28	BIGGS-SHEET
SSA:0010433	alive	2019		2026-07-28	BIGGS-SHEET
SSA:0010434	alive	2010		2026-07-28	BIGGS-SHEET
SSA:0010435	alive	2014		2026-07-28	BIGGS-SHEET
SSA:0010436	alive	2019		2026-07-28	BIGGS-SHEET
SSA:0010437	alive	1995		2026-07-28	BIGGS-SHEET
SSA:0010438	alive	2012		2026-07-28	BIGGS-SHEET
SSA:0010439	alive	2018		2026-07-28	BIGGS-SHEET
SSA:0010440	alive	2022		2026-07-28	BIGGS-SHEET
SSA:0010441	alive	1990		2026-07-28	BIGGS-SHEET
SSA:0010442	unknown	../2026-07		2026-07-28	BIGGS-SHEET
SSA:0010443	unknown	../2026-07		2026-07-28	BIGGS-SHEET
SSA:0010447	alive	1994		2026-07-28	BIGGS-SHEET
SSA:0010448	alive	2012		2026-07-28	BIGGS-SHEET
SSA:0010449	alive	1992		2026-07-28	BIGGS-SHEET
SSA:0010450	alive	2010		2026-07-28	BIGGS-SHEET
SSA:0010451	alive	2015		2026-07-28	BIGGS-SHEET
SSA:0010452	alive	2020		2026-07-28	BIGGS-SHEET
SSA:0010453	alive	1992		2026-07-28	BIGGS-SHEET
SSA:0010454	alive	2013		2026-07-28	BIGGS-SHEET
SSA:0010455	alive	2021		2026-07-28	BIGGS-SHEET
SSA:0010456	unknown	../2026-07		2026-07-28	BIGGS-SHEET
SSA:0010457	presumed_dead	../2026-07		2026-07-28	BIGGS-SHEET
SSA:0010458	dead	../2026-07		2026-07-28	BIGGS-SHEET
SSA:0010459	alive	1989		2026-07-28	BIGGS-SHEET
SSA:0010460	presumed_dead	../2026-07		2026-07-28	BIGGS-SHEET
SSA:0010462	alive	1998		2026-07-28	BIGGS-SHEET
SSA:0010463	alive	2015		2026-07-28	BIGGS-SHEET
SSA:0010464	alive	2019		2026-07-28	BIGGS-SHEET
SSA:0010465	alive	2005		2026-07-28	BIGGS-SHEET
SSA:0010466	dead	../2026-07		2026-07-28	BIGGS-SHEET
SSA:0010467	dead	../2026-07		2026-07-28	BIGGS-SHEET
SSA:0010468	alive	1982		2026-07-28	BIGGS-SHEET
SSA:0010469	alive	1994		2026-07-28	BIGGS-SHEET
SSA:0010470	alive	2007		2026-07-28	BIGGS-SHEET
SSA:0010471	alive	2013		2026-07-28	BIGGS-SHEET
SSA:0010472	unknown	../2026-07		2026-07-28	BIGGS-SHEET
SSA:0010473	unknown	../2026-07		2026-07-28	BIGGS-SHEET
SSA:0010474	alive	1984		2026-07-28	BIGGS-SHEET
SSA:0010475	alive	1999		2026-07-28	BIGGS-SHEET
SSA:0010476	alive	2010		2026-07-28	BIGGS-SHEET
SSA:0010477	alive	1989		2026-07-28	BIGGS-SHEET
SSA:0010478	unknown	../2026-07		2026-07-28	BIGGS-SHEET
SSA:0010479	unknown	../2026-07		2026-07-28	BIGGS-SHEET
SSA:0010480	unknown	../2026-07		2026-07-28	BIGGS-SHEET
SSA:0010481	unknown	../2026-07		2026-07-28	BIGGS-SHEET
SSA:0010482	unknown	../2026-07		2026-07-28	BIGGS-SHEET
SSA:0010483	unknown	../2026-07		2026-07-28	BIGGS-SHEET
SSA:0010485	alive	2007		2026-07-28	BIGGS-SHEET
SSA:0010486	alive	1995		2026-07-28	BIGGS-SHEET
SSA:0010487	alive	1999		2026-07-28	BIGGS-SHEET
SSA:0010488	unknown	../2026-07		2026-07-28	BIGGS-SHEET
SSA:0010489	unknown	../2026-07		2026-07-28	BIGGS-SHEET
SSA:0010492	alive	1993		2026-07-28	BIGGS-SHEET
SSA:0010493	alive	2008		2026-07-28	BIGGS-SHEET
SSA:0010496	alive	1997		2026-07-28	BIGGS-SHEET
SSA:0010498	alive	1998		2026-07-28	BIGGS-SHEET
SSA:0010499	alive	2013		2026-07-28	BIGGS-SHEET
SSA:0010500	dead	../2026-07		2026-07-28	BIGGS-SHEET
SSA:0010501	alive	2003		2026-07-28	BIGGS-SHEET
SSA:0010503	alive	1989		2026-07-28	BIGGS-SHEET
SSA:0010504	alive	2017		2026-07-28	BIGGS-SHEET
SSA:0010506	alive	1982		2026-07-28	BIGGS-SHEET
SSA:0010508	alive	2001		2026-07-28	BIGGS-SHEET
SSA:0010509	alive	2019		2026-07-28	BIGGS-SHEET
