subject_id	predicate_id	object_id	object_label	mapping_justification	confidence	source_id	note
SSA:0000003	skos:broadMatch	NCBITaxon:9733	Orcinus orca	semapv:ManualMappingCuration	1.0	EDITORS	An ecotype is narrower than the species.
SSA:0000003	skos:closeMatch	inaturalist.taxon:1602531	Orcinus orca ater	semapv:ManualMappingCuration	1.0	INAT	closeMatch, not exactMatch: the register calls this an ecotype and iNaturalist calls its counterpart a subspecies, so they are different kinds of thing with the same extension. The equation is the Society for Marine Mammalogy's, not ours: its List of Marine Mammal Species and Subspecies (April 2026), declining species rank for now, says 'the two ecotypes are considered here provisionally as distinct subspecies of Orcinus orca'. Whether they are species instead is deliberately not settled by this row (ADR-0008). Do NOT add the same mapping for SSA:0000010: ater is the resident subspecies generally, and the Southern Resident community is one population within it, which would be a broadMatch.
SSA:0000002	skos:broadMatch	NCBITaxon:9733	Orcinus orca	semapv:ManualMappingCuration	1.0	SEED	
SSA:0000002	skos:closeMatch	inaturalist.taxon:1602533	Orcinus orca rectipinnus	semapv:ManualMappingCuration	1.0	INAT	closeMatch, not exactMatch: the register calls this an ecotype and iNaturalist calls its counterpart a subspecies, so they are different kinds of thing with the same extension. The equation is the Society for Marine Mammalogy's, not ours: its List of Marine Mammal Species and Subspecies (April 2026), declining species rank for now, says 'the two ecotypes are considered here provisionally as distinct subspecies of Orcinus orca'. Whether they are species instead is deliberately not settled by this row (ADR-0008).
SSA:0000040	skos:closeMatch	finwave:T090	T090	semapv:ManualMappingCuration		SEED	Deliberately NOT exactMatch: SSA:0000040 is the matriline T090s, while finwave:T090 is almost certainly the individual. Conflating them is the error ADR-0003 exists to prevent. Needs an individual T090 entity, or removal.
SSA:0000900	skos:exactMatch	inaturalist.taxon:41521	Orcinus orca	semapv:ManualMappingCuration	1.0	INAT	
SSA:0000901	skos:exactMatch	inaturalist.taxon:41566	Megaptera novaeangliae	semapv:ManualMappingCuration	1.0	INAT	
SSA:0000902	skos:exactMatch	inaturalist.taxon:41755	Eumetopias jubatus	semapv:ManualMappingCuration	1.0	INAT	
SSA:0000903	skos:exactMatch	inaturalist.taxon:41740	Zalophus californianus	semapv:ManualMappingCuration	1.0	INAT	
SSA:0000904	skos:exactMatch	inaturalist.taxon:41708	Phoca vitulina	semapv:ManualMappingCuration	1.0	INAT	
SSA:0000905	skos:exactMatch	inaturalist.taxon:41478	Eschrichtius robustus	semapv:ManualMappingCuration	1.0	INAT	
SSA:0000906	skos:exactMatch	inaturalist.taxon:41777	Lontra canadensis	semapv:ManualMappingCuration	1.0	INAT	
SSA:0000907	skos:exactMatch	inaturalist.taxon:3	Aves	semapv:ManualMappingCuration	1.0	INAT	
SSA:0000908	skos:exactMatch	inaturalist.taxon:4342	Laridae	semapv:ManualMappingCuration	1.0	INAT	iNaturalist also has a gull-only subfamily, Larinae (inaturalist.taxon:447155), which NCBI lacks and which is the reason SSA:0000908 sits at family level. If the register ever narrows the entity to gulls, that is the mapping to switch to.
SSA:0000909	skos:exactMatch	inaturalist.taxon:4415	Cepphus columba	semapv:ManualMappingCuration	1.0	INAT	
SSA:0000910	skos:exactMatch	inaturalist.taxon:116999	Pandion haliaetus	semapv:ManualMappingCuration	1.0	INAT	
SSA:0000911	skos:exactMatch	inaturalist.taxon:13858	Passer domesticus	semapv:ManualMappingCuration	1.0	INAT	
SSA:0000912	skos:exactMatch	inaturalist.taxon:41440	Phocoena phocoena	semapv:ManualMappingCuration	1.0	INAT	
SSA:0000913	skos:exactMatch	inaturalist.taxon:41446	Phocoenoides dalli	semapv:ManualMappingCuration	1.0	INAT	
SSA:0000914	skos:exactMatch	inaturalist.taxon:1664971	Aethalodelphis obliquidens	semapv:ManualMappingCuration	1.0	INAT	Same species concept under a different genus name — iNaturalist follows NCBI here, not WoRMS. exactMatch is still right: the concept matches, only the name differs. See Q26.
SSA:0000915	skos:exactMatch	inaturalist.taxon:41550	Balaenoptera acutorostrata	semapv:ManualMappingCuration	1.0	INAT	
SSA:0000916	skos:exactMatch	inaturalist.taxon:41562	Balaenoptera physalus	semapv:ManualMappingCuration	1.0	INAT	
SSA:0000917	skos:exactMatch	inaturalist.taxon:41728	Mirounga angustirostris	semapv:ManualMappingCuration	1.0	INAT	
SSA:0000918	skos:exactMatch	inaturalist.taxon:41860	Enhydra lutris	semapv:ManualMappingCuration	1.0	INAT	The crosswalk this whole set exists for: SalishSea.io ingests iNaturalist sea otter sightings and needs a register entity to resolve them to.
SSA:0000919	skos:exactMatch	inaturalist.taxon:41553	Balaenoptera musculus	semapv:ManualMappingCuration	1.0	INAT	
SSA:0000920	skos:exactMatch	inaturalist.taxon:41559	Balaenoptera borealis	semapv:ManualMappingCuration	1.0	INAT	
SSA:0000921	skos:exactMatch	inaturalist.taxon:74890	Physeter macrocephalus	semapv:ManualMappingCuration	1.0	INAT	
SSA:0000922	skos:exactMatch	inaturalist.taxon:41464	Kogia breviceps	semapv:ManualMappingCuration	1.0	INAT	
SSA:0000923	skos:exactMatch	inaturalist.taxon:41465	Kogia sima	semapv:ManualMappingCuration	1.0	INAT	
SSA:0000924	skos:exactMatch	inaturalist.taxon:41426	Berardius bairdii	semapv:ManualMappingCuration	1.0	INAT	
SSA:0000925	skos:exactMatch	inaturalist.taxon:41428	Ziphius cavirostris	semapv:ManualMappingCuration	1.0	INAT	
SSA:0000926	skos:exactMatch	inaturalist.taxon:41541	Grampus griseus	semapv:ManualMappingCuration	1.0	INAT	
SSA:0000927	skos:exactMatch	inaturalist.taxon:41482	Tursiops truncatus	semapv:ManualMappingCuration	1.0	INAT	
SSA:0000928	skos:exactMatch	inaturalist.taxon:41526	Delphinus delphis	semapv:ManualMappingCuration	1.0	INAT	
SSA:0000929	skos:exactMatch	inaturalist.taxon:41537	Lissodelphis borealis	semapv:ManualMappingCuration	1.0	INAT	
SSA:0000930	skos:exactMatch	inaturalist.taxon:41494	Stenella coeruleoalba	semapv:ManualMappingCuration	1.0	INAT	
SSA:0000931	skos:exactMatch	inaturalist.taxon:41532	Globicephala macrorhynchus	semapv:ManualMappingCuration	1.0	INAT	
SSA:0000932	skos:exactMatch	inaturalist.taxon:41746	Arctocephalus townsendi	semapv:ManualMappingCuration	1.0	INAT	
SSA:0000933	skos:exactMatch	inaturalist.taxon:41757	Callorhinus ursinus	semapv:ManualMappingCuration	1.0	INAT	
SSA:0000934	skos:exactMatch	inaturalist.taxon:152871	Cetacea	semapv:ManualMappingCuration	1.0	INAT	
SSA:0000935	skos:exactMatch	inaturalist.taxon:424321	Mysticeti	semapv:ManualMappingCuration	1.0	INAT	
SSA:0000936	skos:exactMatch	inaturalist.taxon:41736	Otariidae	semapv:ManualMappingCuration	1.0	INAT	
SSA:0000937	skos:exactMatch	inaturalist.taxon:41687	Phocidae	semapv:ManualMappingCuration	1.0	INAT	
SSA:0000938	skos:closeMatch	inaturalist.taxon:372843	Phocoidea	semapv:ManualMappingCuration	1.0	INAT	See the entity note: iNaturalist's Phocoidea is labelled 'Pinnipeds' and used as such, but names a narrower clade.
SSA:0000939	skos:exactMatch	inaturalist.taxon:526556	Lutrinae	semapv:ManualMappingCuration	1.0	INAT	
SSA:0000940	skos:exactMatch	inaturalist.taxon:41547	Balaenoptera	semapv:ManualMappingCuration	1.0	INAT	
SSA:0000941	skos:exactMatch	inaturalist.taxon:41756	Callorhinus	semapv:ManualMappingCuration	1.0	INAT	
SSA:0000942	skos:exactMatch	inaturalist.taxon:41524	Delphinus	semapv:ManualMappingCuration	1.0	INAT	
SSA:0000943	skos:exactMatch	inaturalist.taxon:41859	Enhydra	semapv:ManualMappingCuration	1.0	INAT	
SSA:0000944	skos:exactMatch	inaturalist.taxon:41754	Eumetopias	semapv:ManualMappingCuration	1.0	INAT	
SSA:0000945	skos:exactMatch	inaturalist.taxon:41775	Lontra	semapv:ManualMappingCuration	1.0	INAT	
SSA:0000946	skos:exactMatch	inaturalist.taxon:41565	Megaptera	semapv:ManualMappingCuration	1.0	INAT	
SSA:0000947	skos:exactMatch	inaturalist.taxon:41727	Mirounga	semapv:ManualMappingCuration	1.0	INAT	
SSA:0000948	skos:exactMatch	inaturalist.taxon:41520	Orcinus	semapv:ManualMappingCuration	1.0	INAT	
SSA:0000949	skos:exactMatch	inaturalist.taxon:41707	Phoca	semapv:ManualMappingCuration	1.0	INAT	
SSA:0000950	skos:exactMatch	inaturalist.taxon:41438	Phocoena	semapv:ManualMappingCuration	1.0	INAT	
SSA:0000951	skos:exactMatch	inaturalist.taxon:41480	Tursiops	semapv:ManualMappingCuration	1.0	INAT	
SSA:0000952	skos:exactMatch	inaturalist.taxon:41737	Zalophus	semapv:ManualMappingCuration	1.0	INAT	
SSA:0000953	skos:exactMatch	inaturalist.taxon:41461	Delphinapterus leucas	semapv:ManualMappingCuration	1.0	INAT	
SSA:0000954	skos:exactMatch	inaturalist.taxon:41568	Eubalaena	semapv:ManualMappingCuration	1.0	INAT	
SSA:0000955	skos:exactMatch	inaturalist.taxon:41419	Hyperoodon	semapv:ManualMappingCuration	1.0	INAT	
