matriline_id	matriarch_id	source_id	note
SSA:0003000	SSA:0020003	NOAA-NWFSC	
SSA:0003001	SSA:0020004	NOAA-NWFSC	
SSA:0003002	SSA:0020009	NOAA-NWFSC	
SSA:0003003	SSA:0020010	NOAA-NWFSC	
SSA:0003004	SSA:0020011	NOAA-NWFSC	
SSA:0003005	SSA:0020013	NOAA-NWFSC	
SSA:0003006	SSA:0020015	NOAA-NWFSC	
SSA:0000030	SSA:0000105	NOAA-NWFSC	
SSA:0003007	SSA:0020017	NOAA-NWFSC	
SSA:0003008	SSA:0020018	NOAA-NWFSC	
SSA:0003009	SSA:0020020	NOAA-NWFSC	
SSA:0003010	SSA:0020026	NOAA-NWFSC	
SSA:0003011	SSA:0020030	NOAA-NWFSC	
SSA:0003012	SSA:0000101	NOAA-NWFSC	
SSA:0003013	SSA:0020036	NOAA-NWFSC	
SSA:0003014	SSA:0020037	NOAA-NWFSC	
SSA:0003015	SSA:0020040	NOAA-NWFSC	
SSA:0003016	SSA:0020041	NOAA-NWFSC	
SSA:0003017	SSA:0020042	NOAA-NWFSC	
SSA:0003018	SSA:0020064	NOAA-NWFSC	
SSA:0003019	SSA:0020065	NOAA-NWFSC	
SSA:0003020	SSA:0020067	NOAA-NWFSC	
SSA:0003021	SSA:0020068	NOAA-NWFSC	
SSA:0003022	SSA:0020069	NOAA-NWFSC	
SSA:0003023	SSA:0020070	NOAA-NWFSC	
SSA:0003024	SSA:0020071	NOAA-NWFSC	
SSA:0003025	SSA:0020072	NOAA-NWFSC	
SSA:0003026	SSA:0020074	NOAA-NWFSC	
SSA:0003027	SSA:0020076	NOAA-NWFSC	
SSA:0003028	SSA:0020078	NOAA-NWFSC	
SSA:0003029	SSA:0020080	NOAA-NWFSC	
SSA:0003030	SSA:0020085	NOAA-NWFSC	
SSA:0003031	SSA:0020086	NOAA-NWFSC	
SSA:0003032	SSA:0020094	NOAA-NWFSC	
SSA:0003033	SSA:0020107	NOAA-NWFSC	
SSA:0003034	SSA:0020108	NOAA-NWFSC	
SSA:0003035	SSA:0020109	NOAA-NWFSC	
SSA:0003036	SSA:0020110	NOAA-NWFSC	
SSA:0003037	SSA:0020112	NOAA-NWFSC	
SSA:0003038	SSA:0020116	NOAA-NWFSC	
SSA:0003039	SSA:0020117	NOAA-NWFSC	
SSA:0003040	SSA:0020120	NOAA-NWFSC	
SSA:0003041	SSA:0020123	NOAA-NWFSC	
SSA:0003042	SSA:0020124	NOAA-NWFSC	
SSA:0003043	SSA:0020125	NOAA-NWFSC	
SSA:0003044	SSA:0020127	NOAA-NWFSC	
SSA:0003045	SSA:0020128	NOAA-NWFSC	
SSA:0003046	SSA:0020129	NOAA-NWFSC	
SSA:0000031	SSA:0020130	NOAA-NWFSC	
SSA:0003047	SSA:0020132	NOAA-NWFSC	
SSA:0003048	SSA:0020134	NOAA-NWFSC	
SSA:0003049	SSA:0020139	NOAA-NWFSC	
SSA:0003050	SSA:0020141	NOAA-NWFSC	
SSA:0003051	SSA:0020142	NOAA-NWFSC	
SSA:0003052	SSA:0020146	NOAA-NWFSC	
SSA:0003053	SSA:0020149	NOAA-NWFSC	
SSA:0003054	SSA:0020150	NOAA-NWFSC	
SSA:0003055	SSA:0020155	NOAA-NWFSC	
SSA:0003056	SSA:0020162	NOAA-NWFSC	
SSA:0003057	SSA:0020166	NOAA-NWFSC	
SSA:0003058	SSA:0020171	NOAA-NWFSC	
SSA:0003059	SSA:0020176	NOAA-NWFSC	
SSA:0003060	SSA:0020177	NOAA-NWFSC	
SSA:0003061	SSA:0020180	NOAA-NWFSC	
SSA:0003062	SSA:0020183	NOAA-NWFSC	
SSA:0003063	SSA:0020184	NOAA-NWFSC	
SSA:0003064	SSA:0020187	NOAA-NWFSC	
SSA:0003065	SSA:0020196	NOAA-NWFSC	
SSA:0003066	SSA:0020212	NOAA-NWFSC	
SSA:0002001	SSA:0010008	BIGGS-SHEET	Read off the designation, as the lineage itself is.
SSA:0002002	SSA:0010015	BIGGS-SHEET	Read off the designation, as the lineage itself is.
SSA:0002003	SSA:0010018	BIGGS-SHEET	Read off the designation, as the lineage itself is.
SSA:0002005	SSA:0010021	BIGGS-SHEET	Read off the designation, as the lineage itself is.
SSA:0002006	SSA:0010022	BIGGS-SHEET	Read off the designation, as the lineage itself is.
SSA:0002008	SSA:0010026	BIGGS-SHEET	Read off the designation, as the lineage itself is.
SSA:0002009	SSA:0010027	BIGGS-SHEET	Read off the designation, as the lineage itself is.
SSA:0002010	SSA:0010037	BIGGS-SHEET	Read off the designation, as the lineage itself is.
SSA:0002011	SSA:0010039	BIGGS-SHEET	Read off the designation, as the lineage itself is.
SSA:0002012	SSA:0010050	BIGGS-SHEET	Read off the designation, as the lineage itself is.
SSA:0002014	SSA:0010058	BIGGS-SHEET	Read off the designation, as the lineage itself is.
SSA:0002015	SSA:0010063	BIGGS-SHEET	Read off the designation, as the lineage itself is.
SSA:0002016	SSA:0010069	BIGGS-SHEET	Read off the designation, as the lineage itself is.
SSA:0002017	SSA:0010082	BIGGS-SHEET	Read off the designation, as the lineage itself is.
SSA:0002018	SSA:0010093	BIGGS-SHEET	Read off the designation, as the lineage itself is.
SSA:0002020	SSA:0010106	BIGGS-SHEET	Read off the designation, as the lineage itself is.
SSA:0002021	SSA:0010111	BIGGS-SHEET	Read off the designation, as the lineage itself is.
SSA:0002023	SSA:0010149	BIGGS-SHEET	Read off the designation, as the lineage itself is.
SSA:0002026	SSA:0010159	BIGGS-SHEET	Read off the designation, as the lineage itself is.
SSA:0002027	SSA:0010164	BIGGS-SHEET	Read off the designation, as the lineage itself is.
SSA:0002028	SSA:0010166	BIGGS-SHEET	Read off the designation, as the lineage itself is.
SSA:0002029	SSA:0010167	BIGGS-SHEET	Read off the designation, as the lineage itself is.
SSA:0002030	SSA:0010175	BIGGS-SHEET	Read off the designation, as the lineage itself is.
SSA:0002032	SSA:0010182	BIGGS-SHEET	Read off the designation, as the lineage itself is.
SSA:0002033	SSA:0010192	BIGGS-SHEET	Read off the designation, as the lineage itself is.
SSA:0002034	SSA:0010203	BIGGS-SHEET	Read off the designation, as the lineage itself is.
SSA:0002035	SSA:0010221	BIGGS-SHEET	Read off the designation, as the lineage itself is.
SSA:0002037	SSA:0010237	BIGGS-SHEET	Read off the designation, as the lineage itself is.
SSA:0002039	SSA:0010247	BIGGS-SHEET	Read off the designation, as the lineage itself is.
SSA:0002041	SSA:0010258	BIGGS-SHEET	Read off the designation, as the lineage itself is.
SSA:0002042	SSA:0010270	BIGGS-SHEET	Read off the designation, as the lineage itself is.
SSA:0002043	SSA:0010276	BIGGS-SHEET	Read off the designation, as the lineage itself is.
SSA:0000040	SSA:0010290	BIGGS-SHEET	Read off the designation, as the lineage itself is.
SSA:0002046	SSA:0010294	BIGGS-SHEET	Read off the designation, as the lineage itself is.
SSA:0002049	SSA:0010297	BIGGS-SHEET	Read off the designation, as the lineage itself is.
SSA:0002050	SSA:0010304	BIGGS-SHEET	Read off the designation, as the lineage itself is.
SSA:0002051	SSA:0010312	BIGGS-SHEET	Read off the designation, as the lineage itself is.
SSA:0002054	SSA:0010317	BIGGS-SHEET	Read off the designation, as the lineage itself is.
SSA:0002055	SSA:0010344	BIGGS-SHEET	Read off the designation, as the lineage itself is.
SSA:0002056	SSA:0010351	BIGGS-SHEET	Read off the designation, as the lineage itself is.
SSA:0002059	SSA:0010354	BIGGS-SHEET	Read off the designation, as the lineage itself is.
SSA:0002060	SSA:0010355	BIGGS-SHEET	Read off the designation, as the lineage itself is.
SSA:0002061	SSA:0010358	BIGGS-SHEET	Read off the designation, as the lineage itself is.
SSA:0002062	SSA:0010362	BIGGS-SHEET	Read off the designation, as the lineage itself is.
SSA:0002065	SSA:0010368	BIGGS-SHEET	Read off the designation, as the lineage itself is.
SSA:0002066	SSA:0010369	BIGGS-SHEET	Read off the designation, as the lineage itself is.
SSA:0002067	SSA:0010373	BIGGS-SHEET	Read off the designation, as the lineage itself is.
SSA:0002068	SSA:0010393	BIGGS-SHEET	Read off the designation, as the lineage itself is.
SSA:0002073	SSA:0010399	BIGGS-SHEET	Read off the designation, as the lineage itself is.
SSA:0002075	SSA:0010401	BIGGS-SHEET	Read off the designation, as the lineage itself is.
SSA:0002076	SSA:0010402	BIGGS-SHEET	Read off the designation, as the lineage itself is.
SSA:0002077	SSA:0010403	BIGGS-SHEET	Read off the designation, as the lineage itself is.
SSA:0002078	SSA:0010404	BIGGS-SHEET	Read off the designation, as the lineage itself is.
SSA:0002079	SSA:0010408	BIGGS-SHEET	Read off the designation, as the lineage itself is.
SSA:0002080	SSA:0010409	BIGGS-SHEET	Read off the designation, as the lineage itself is.
SSA:0002081	SSA:0010412	BIGGS-SHEET	Read off the designation, as the lineage itself is.
SSA:0002083	SSA:0010417	BIGGS-SHEET	Read off the designation, as the lineage itself is.
SSA:0002084	SSA:0010418	BIGGS-SHEET	Read off the designation, as the lineage itself is.
SSA:0002085	SSA:0010427	BIGGS-SHEET	Read off the designation, as the lineage itself is.
SSA:0002087	SSA:0010429	BIGGS-SHEET	Read off the designation, as the lineage itself is.
SSA:0002089	SSA:0010431	BIGGS-SHEET	Read off the designation, as the lineage itself is.
SSA:0002090	SSA:0010437	BIGGS-SHEET	Read off the designation, as the lineage itself is.
SSA:0002091	SSA:0010441	BIGGS-SHEET	Read off the designation, as the lineage itself is.
SSA:0002093	SSA:0010443	BIGGS-SHEET	Read off the designation, as the lineage itself is.
SSA:0002096	SSA:0010446	BIGGS-SHEET	Read off the designation, as the lineage itself is.
SSA:0002097	SSA:0010449	BIGGS-SHEET	Read off the designation, as the lineage itself is.
SSA:0002101	SSA:0010458	BIGGS-SHEET	Read off the designation, as the lineage itself is.
SSA:0002102	SSA:0010459	BIGGS-SHEET	Read off the designation, as the lineage itself is.
SSA:0002103	SSA:0010460	BIGGS-SHEET	Read off the designation, as the lineage itself is.
SSA:0002104	SSA:0010461	BIGGS-SHEET	Read off the designation, as the lineage itself is.
SSA:0002106	SSA:0010469	BIGGS-SHEET	Read off the designation, as the lineage itself is.
SSA:0002107	SSA:0010472	BIGGS-SHEET	Read off the designation, as the lineage itself is.
SSA:0002108	SSA:0010473	BIGGS-SHEET	Read off the designation, as the lineage itself is.
SSA:0002109	SSA:0010474	BIGGS-SHEET	Read off the designation, as the lineage itself is.
SSA:0002111	SSA:0010478	BIGGS-SHEET	Read off the designation, as the lineage itself is.
SSA:0002112	SSA:0010480	BIGGS-SHEET	Read off the designation, as the lineage itself is.
SSA:0002113	SSA:0010481	BIGGS-SHEET	Read off the designation, as the lineage itself is.
SSA:0002114	SSA:0010483	BIGGS-SHEET	Read off the designation, as the lineage itself is.
SSA:0002115	SSA:0010484	BIGGS-SHEET	Read off the designation, as the lineage itself is.
SSA:0002117	SSA:0010487	BIGGS-SHEET	Read off the designation, as the lineage itself is.
SSA:0002118	SSA:0010488	BIGGS-SHEET	Read off the designation, as the lineage itself is.
SSA:0002119	SSA:0010490	BIGGS-SHEET	Read off the designation, as the lineage itself is.
SSA:0002121	SSA:0010492	BIGGS-SHEET	Read off the designation, as the lineage itself is.
SSA:0002123	SSA:0010497	BIGGS-SHEET	Read off the designation, as the lineage itself is.
SSA:0002124	SSA:0010498	BIGGS-SHEET	Read off the designation, as the lineage itself is.
SSA:0002125	SSA:0010501	BIGGS-SHEET	Read off the designation, as the lineage itself is.
SSA:0002127	SSA:0010503	BIGGS-SHEET	Read off the designation, as the lineage itself is.
SSA:0002129	SSA:0010507	BIGGS-SHEET	Read off the designation, as the lineage itself is.
SSA:0002130	SSA:0010508	BIGGS-SHEET	Read off the designation, as the lineage itself is.
SSA:0002131	SSA:0010001	BIGGS-SHEET	Read off the designation, as the lineage itself is.
SSA:0002132	SSA:0010010	BIGGS-SHEET	Read off the designation, as the lineage itself is.
SSA:0002133	SSA:0010028	BIGGS-SHEET	Read off the designation, as the lineage itself is.
SSA:0002134	SSA:0010033	BIGGS-SHEET	Read off the designation, as the lineage itself is.
SSA:0002135	SSA:0010040	BIGGS-SHEET	Read off the designation, as the lineage itself is.
SSA:0002136	SSA:0010044	BIGGS-SHEET	Read off the designation, as the lineage itself is.
SSA:0002137	SSA:0010052	BIGGS-SHEET	Read off the designation, as the lineage itself is.
SSA:0002138	SSA:0010059	BIGGS-SHEET	Read off the designation, as the lineage itself is.
SSA:0002139	SSA:0010064	BIGGS-SHEET	Read off the designation, as the lineage itself is.
SSA:0002140	SSA:0010070	BIGGS-SHEET	Read off the designation, as the lineage itself is.
SSA:0002141	SSA:0010071	BIGGS-SHEET	Read off the designation, as the lineage itself is.
SSA:0002142	SSA:0010076	BIGGS-SHEET	Read off the designation, as the lineage itself is.
SSA:0002143	SSA:0010077	BIGGS-SHEET	Read off the designation, as the lineage itself is.
SSA:0002144	SSA:0010083	BIGGS-SHEET	Read off the designation, as the lineage itself is.
SSA:0002145	SSA:0010089	BIGGS-SHEET	Read off the designation, as the lineage itself is.
SSA:0002146	SSA:0010094	BIGGS-SHEET	Read off the designation, as the lineage itself is.
SSA:0002147	SSA:0010098	BIGGS-SHEET	Read off the designation, as the lineage itself is.
SSA:0002148	SSA:0010107	BIGGS-SHEET	Read off the designation, as the lineage itself is.
SSA:0002149	SSA:0010112	BIGGS-SHEET	Read off the designation, as the lineage itself is.
SSA:0002150	SSA:0010113	BIGGS-SHEET	Read off the designation, as the lineage itself is.
SSA:0002151	SSA:0010117	BIGGS-SHEET	Read off the designation, as the lineage itself is.
SSA:0002152	SSA:0010120	BIGGS-SHEET	Read off the designation, as the lineage itself is.
SSA:0002153	SSA:0010126	BIGGS-SHEET	Read off the designation, as the lineage itself is.
SSA:0002154	SSA:0010135	BIGGS-SHEET	Read off the designation, as the lineage itself is.
SSA:0002155	SSA:0010142	BIGGS-SHEET	Read off the designation, as the lineage itself is.
SSA:0002156	SSA:0010151	BIGGS-SHEET	Read off the designation, as the lineage itself is.
SSA:0002157	SSA:0010161	BIGGS-SHEET	Read off the designation, as the lineage itself is.
SSA:0002158	SSA:0010168	BIGGS-SHEET	Read off the designation, as the lineage itself is.
SSA:0002159	SSA:0010169	BIGGS-SHEET	Read off the designation, as the lineage itself is.
SSA:0002160	SSA:0010183	BIGGS-SHEET	Read off the designation, as the lineage itself is.
SSA:0002161	SSA:0010188	BIGGS-SHEET	Read off the designation, as the lineage itself is.
SSA:0002162	SSA:0010189	BIGGS-SHEET	Read off the designation, as the lineage itself is.
SSA:0002163	SSA:0010193	BIGGS-SHEET	Read off the designation, as the lineage itself is.
SSA:0002164	SSA:0010199	BIGGS-SHEET	Read off the designation, as the lineage itself is.
SSA:0002165	SSA:0010205	BIGGS-SHEET	Read off the designation, as the lineage itself is.
SSA:0002166	SSA:0010206	BIGGS-SHEET	Read off the designation, as the lineage itself is.
SSA:0002167	SSA:0010214	BIGGS-SHEET	Read off the designation, as the lineage itself is.
SSA:0002168	SSA:0010216	BIGGS-SHEET	Read off the designation, as the lineage itself is.
SSA:0002169	SSA:0010222	BIGGS-SHEET	Read off the designation, as the lineage itself is.
SSA:0002170	SSA:0010229	BIGGS-SHEET	Read off the designation, as the lineage itself is.
SSA:0002171	SSA:0010239	BIGGS-SHEET	Read off the designation, as the lineage itself is.
SSA:0002172	SSA:0010248	BIGGS-SHEET	Read off the designation, as the lineage itself is.
SSA:0002173	SSA:0010253	BIGGS-SHEET	Read off the designation, as the lineage itself is.
SSA:0002174	SSA:0010260	BIGGS-SHEET	Read off the designation, as the lineage itself is.
SSA:0002175	SSA:0010265	BIGGS-SHEET	Read off the designation, as the lineage itself is.
SSA:0002176	SSA:0010281	BIGGS-SHEET	Read off the designation, as the lineage itself is.
SSA:0002177	SSA:0010282	BIGGS-SHEET	Read off the designation, as the lineage itself is.
SSA:0002178	SSA:0010285	BIGGS-SHEET	Read off the designation, as the lineage itself is.
SSA:0002179	SSA:0010299	BIGGS-SHEET	Read off the designation, as the lineage itself is.
SSA:0002180	SSA:0010305	BIGGS-SHEET	Read off the designation, as the lineage itself is.
SSA:0002181	SSA:0010318	BIGGS-SHEET	Read off the designation, as the lineage itself is.
SSA:0002182	SSA:0010319	BIGGS-SHEET	Read off the designation, as the lineage itself is.
SSA:0002183	SSA:0010324	BIGGS-SHEET	Read off the designation, as the lineage itself is.
SSA:0002184	SSA:0010331	BIGGS-SHEET	Read off the designation, as the lineage itself is.
SSA:0002185	SSA:0010336	BIGGS-SHEET	Read off the designation, as the lineage itself is.
SSA:0002186	SSA:0010340	BIGGS-SHEET	Read off the designation, as the lineage itself is.
SSA:0002187	SSA:0010345	BIGGS-SHEET	Read off the designation, as the lineage itself is.
SSA:0002188	SSA:0010347	BIGGS-SHEET	Read off the designation, as the lineage itself is.
SSA:0002189	SSA:0010360	BIGGS-SHEET	Read off the designation, as the lineage itself is.
SSA:0002190	SSA:0010364	BIGGS-SHEET	Read off the designation, as the lineage itself is.
SSA:0002191	SSA:0010374	BIGGS-SHEET	Read off the designation, as the lineage itself is.
SSA:0002192	SSA:0010375	BIGGS-SHEET	Read off the designation, as the lineage itself is.
SSA:0002193	SSA:0010377	BIGGS-SHEET	Read off the designation, as the lineage itself is.
SSA:0002194	SSA:0010380	BIGGS-SHEET	Read off the designation, as the lineage itself is.
SSA:0002195	SSA:0010382	BIGGS-SHEET	Read off the designation, as the lineage itself is.
SSA:0002196	SSA:0010387	BIGGS-SHEET	Read off the designation, as the lineage itself is.
SSA:0002197	SSA:0010419	BIGGS-SHEET	Read off the designation, as the lineage itself is.
SSA:0002198	SSA:0010423	BIGGS-SHEET	Read off the designation, as the lineage itself is.
SSA:0002199	SSA:0010432	BIGGS-SHEET	Read off the designation, as the lineage itself is.
SSA:0002200	SSA:0010447	BIGGS-SHEET	Read off the designation, as the lineage itself is.
SSA:0002201	SSA:0010453	BIGGS-SHEET	Read off the designation, as the lineage itself is.
SSA:0002202	SSA:0010462	BIGGS-SHEET	Read off the designation, as the lineage itself is.
SSA:0002203	SSA:0010465	BIGGS-SHEET	Read off the designation, as the lineage itself is.
