child_id	parent_id	role	source_id	note
SSA:0020010	SSA:0020003	mother	NOAA-NWFSC	
SSA:0020012	SSA:0020004	mother	NOAA-NWFSC	
SSA:0020013	SSA:0020011	mother	NOAA-NWFSC	
SSA:0020014	SSA:0020003	mother	NOAA-NWFSC	
SSA:0000105	SSA:0020004	mother	NOAA-NWFSC	
SSA:0020016	SSA:0020009	mother	NOAA-NWFSC	
SSA:0020017	SSA:0020003	mother	NOAA-NWFSC	
SSA:0020018	SSA:0020009	mother	NOAA-NWFSC	
SSA:0020019	SSA:0020003	mother	NOAA-NWFSC	
SSA:0020020	SSA:0020009	mother	NOAA-NWFSC	
SSA:0020021	SSA:0020013	mother	NOAA-NWFSC	
SSA:0020022	SSA:0020011	mother	NOAA-NWFSC	
SSA:0020023	SSA:0020010	mother	NOAA-NWFSC	
SSA:0020024	SSA:0020015	mother	NOAA-NWFSC	
SSA:0020025	SSA:0020010	mother	NOAA-NWFSC	
SSA:0020026	SSA:0000105	mother	NOAA-NWFSC	
SSA:0020027	SSA:0020026	mother	NOAA-NWFSC	
SSA:0020028	SSA:0020017	mother	NOAA-NWFSC	
SSA:0020029	SSA:0020013	mother	NOAA-NWFSC	
SSA:0020030	SSA:0020010	mother	NOAA-NWFSC	
SSA:0020031	SSA:0020030	mother	NOAA-NWFSC	
SSA:0020032	SSA:0020018	mother	NOAA-NWFSC	
SSA:0020033	SSA:0020015	mother	NOAA-NWFSC	
SSA:0020034	SSA:0020020	mother	NOAA-NWFSC	
SSA:0000101	SSA:0000105	mother	NOAA-NWFSC	
SSA:0020035	SSA:0000101	mother	NOAA-NWFSC	
SSA:0020036	SSA:0020015	mother	NOAA-NWFSC	
SSA:0020037	SSA:0020013	mother	NOAA-NWFSC	
SSA:0020038	SSA:0020020	mother	NOAA-NWFSC	
SSA:0020039	SSA:0020010	mother	NOAA-NWFSC	
SSA:0020040	SSA:0020013	mother	NOAA-NWFSC	
SSA:0020041	SSA:0020017	mother	NOAA-NWFSC	
SSA:0020042	SSA:0020015	mother	NOAA-NWFSC	
SSA:0020043	SSA:0020013	mother	NOAA-NWFSC	
SSA:0020044	SSA:0000105	mother	NOAA-NWFSC	
SSA:0020045	SSA:0020013	mother	NOAA-NWFSC	
SSA:0020046	SSA:0020026	mother	NOAA-NWFSC	
SSA:0020047	SSA:0000101	mother	NOAA-NWFSC	
SSA:0020048	SSA:0020015	mother	NOAA-NWFSC	
SSA:0020049	SSA:0020037	mother	NOAA-NWFSC	
SSA:0000103	SSA:0020015	mother	NOAA-NWFSC	
SSA:0020050	SSA:0020041	mother	NOAA-NWFSC	
SSA:0020051	SSA:0020036	mother	NOAA-NWFSC	
SSA:0020052	SSA:0000105	mother	NOAA-NWFSC	
SSA:0020053	SSA:0020026	mother	NOAA-NWFSC	
SSA:0020054	SSA:0020037	mother	NOAA-NWFSC	
SSA:0020055	SSA:0020030	mother	NOAA-NWFSC	
SSA:0000102	SSA:0000101	mother	NOAA-NWFSC	
SSA:0020056	SSA:0020041	mother	NOAA-NWFSC	
SSA:0020057	SSA:0020037	mother	NOAA-NWFSC	
SSA:0020058	SSA:0000101	mother	NOAA-NWFSC	
SSA:0020059	SSA:0020041	mother	NOAA-NWFSC	
SSA:0020060	SSA:0020040	mother	NOAA-NWFSC	
SSA:0020061	SSA:0020042	mother	NOAA-NWFSC	
SSA:0020062	SSA:0020067	mother	NOAA-NWFSC	
SSA:0020063	SSA:0020067	mother	NOAA-NWFSC	
SSA:0020064	SSA:0020068	mother	NOAA-NWFSC	
SSA:0020066	SSA:0020068	mother	NOAA-NWFSC	
SSA:0020069	SSA:0020067	mother	NOAA-NWFSC	
SSA:0020070	SSA:0020065	mother	NOAA-NWFSC	
SSA:0020071	SSA:0020069	mother	NOAA-NWFSC	
SSA:0020072	SSA:0020064	mother	NOAA-NWFSC	
SSA:0020073	SSA:0020064	mother	NOAA-NWFSC	
SSA:0020074	SSA:0020064	mother	NOAA-NWFSC	
SSA:0020075	SSA:0020076	mother	NOAA-NWFSC	
SSA:0020078	SSA:0020071	mother	NOAA-NWFSC	
SSA:0020079	SSA:0020076	mother	NOAA-NWFSC	
SSA:0020080	SSA:0020070	mother	NOAA-NWFSC	
SSA:0020081	SSA:0020072	mother	NOAA-NWFSC	
SSA:0020082	SSA:0020072	mother	NOAA-NWFSC	
SSA:0020083	SSA:0020071	mother	NOAA-NWFSC	
SSA:0020084	SSA:0020072	mother	NOAA-NWFSC	
SSA:0020085	SSA:0020071	mother	NOAA-NWFSC	
SSA:0020086	SSA:0020070	mother	NOAA-NWFSC	
SSA:0020087	SSA:0020064	mother	NOAA-NWFSC	
SSA:0020089	SSA:0020070	mother	NOAA-NWFSC	
SSA:0020090	SSA:0020074	mother	NOAA-NWFSC	
SSA:0020091	SSA:0020080	mother	NOAA-NWFSC	
SSA:0020092	SSA:0020071	mother	NOAA-NWFSC	
SSA:0020093	SSA:0020074	mother	NOAA-NWFSC	
SSA:0020094	SSA:0020072	mother	NOAA-NWFSC	
SSA:0020095	SSA:0020070	mother	NOAA-NWFSC	
SSA:0020096	SSA:0020078	mother	NOAA-NWFSC	
SSA:0020097	SSA:0020086	mother	NOAA-NWFSC	
SSA:0020098	SSA:0020076	mother	NOAA-NWFSC	
SSA:0020099	SSA:0020080	mother	NOAA-NWFSC	
SSA:0020100	SSA:0020072	mother	NOAA-NWFSC	
SSA:0020101	SSA:0020070	mother	NOAA-NWFSC	
SSA:0020102	SSA:0020085	mother	NOAA-NWFSC	
SSA:0020103	SSA:0020078	mother	NOAA-NWFSC	
SSA:0020104	SSA:0020076	mother	NOAA-NWFSC	
SSA:0020105	SSA:0020094	mother	NOAA-NWFSC	The Puget Sound Institute (C. Dunagan, 27 July 2026, "Annual census could show an increase of two killer whales among southern residents") names K43 Saturna as the likely mother, unconfirmed; the calf has been seen travelling with both K36 and K43.
SSA:0020115	SSA:0020117	mother	NOAA-NWFSC	
SSA:0020119	SSA:0020125	mother	NOAA-NWFSC	
SSA:0020122	SSA:0020120	mother	NOAA-NWFSC	
SSA:0020124	SSA:0020130	mother	NOAA-NWFSC	
SSA:0020131	SSA:0020108	mother	NOAA-NWFSC	
SSA:0020133	SSA:0020141	mother	NOAA-NWFSC	
SSA:0020135	SSA:0020129	mother	NOAA-NWFSC	
SSA:0020136	SSA:0020107	mother	NOAA-NWFSC	
SSA:0020137	SSA:0020116	mother	NOAA-NWFSC	
SSA:0020138	SSA:0020116	mother	NOAA-NWFSC	
SSA:0020139	SSA:0020134	mother	NOAA-NWFSC	
SSA:0020140	SSA:0020130	mother	NOAA-NWFSC	
SSA:0020142	SSA:0020123	mother	NOAA-NWFSC	
SSA:0020143	SSA:0020123	mother	NOAA-NWFSC	
SSA:0020144	SSA:0020125	mother	NOAA-NWFSC	
SSA:0020145	SSA:0020132	mother	NOAA-NWFSC	
SSA:0020146	SSA:0020108	mother	NOAA-NWFSC	
SSA:0020147	SSA:0020127	mother	NOAA-NWFSC	
SSA:0020148	SSA:0020112	mother	NOAA-NWFSC	
SSA:0020149	SSA:0020132	mother	NOAA-NWFSC	
SSA:0020150	SSA:0020109	mother	NOAA-NWFSC	
SSA:0020151	SSA:0020130	mother	NOAA-NWFSC	
SSA:0020152	SSA:0020141	mother	NOAA-NWFSC	
SSA:0020153	SSA:0020110	mother	NOAA-NWFSC	
SSA:0020154	SSA:0020108	mother	NOAA-NWFSC	
SSA:0020155	SSA:0020127	mother	NOAA-NWFSC	
SSA:0020156	SSA:0020109	mother	NOAA-NWFSC	
SSA:0020157	SSA:0020128	mother	NOAA-NWFSC	
SSA:0020158	SSA:0020130	mother	NOAA-NWFSC	
SSA:0020159	SSA:0020116	mother	NOAA-NWFSC	
SSA:0020160	SSA:0020132	mother	NOAA-NWFSC	
SSA:0020162	SSA:0020107	mother	NOAA-NWFSC	
SSA:0020163	SSA:0020128	mother	NOAA-NWFSC	
SSA:0020164	SSA:0020129	mother	NOAA-NWFSC	
SSA:0020165	SSA:0020127	mother	NOAA-NWFSC	
SSA:0020166	SSA:0020139	mother	NOAA-NWFSC	
SSA:0020167	SSA:0020110	mother	NOAA-NWFSC	
SSA:0020168	SSA:0020108	mother	NOAA-NWFSC	
SSA:0020169	SSA:0020124	mother	NOAA-NWFSC	
SSA:0020170	SSA:0020112	mother	NOAA-NWFSC	
SSA:0020171	SSA:0020116	mother	NOAA-NWFSC	
SSA:0020172	SSA:0020107	mother	NOAA-NWFSC	
SSA:0020173	SSA:0020124	mother	NOAA-NWFSC	
SSA:0020174	SSA:0020128	mother	NOAA-NWFSC	
SSA:0020175	SSA:0020155	mother	NOAA-NWFSC	
SSA:0020176	SSA:0020150	mother	NOAA-NWFSC	
SSA:0020177	SSA:0020142	mother	NOAA-NWFSC	
SSA:0020178	SSA:0020146	mother	NOAA-NWFSC	
SSA:0020179	SSA:0020129	mother	NOAA-NWFSC	
SSA:0020180	SSA:0020109	mother	NOAA-NWFSC	
SSA:0000104	SSA:0020130	mother	NOAA-NWFSC	
SSA:0020181	SSA:0020107	mother	NOAA-NWFSC	
SSA:0020182	SSA:0020124	mother	NOAA-NWFSC	
SSA:0020183	SSA:0020127	mother	NOAA-NWFSC	
SSA:0020184	SSA:0020142	mother	NOAA-NWFSC	
SSA:0020185	SSA:0020155	mother	NOAA-NWFSC	
SSA:0020186	SSA:0020128	mother	NOAA-NWFSC	
SSA:0020187	SSA:0020116	mother	NOAA-NWFSC	
SSA:0020188	SSA:0020139	mother	NOAA-NWFSC	
SSA:0020189	SSA:0020150	mother	NOAA-NWFSC	
SSA:0020190	SSA:0020146	mother	NOAA-NWFSC	
SSA:0020191	SSA:0020162	mother	NOAA-NWFSC	
SSA:0020192	SSA:0020142	mother	NOAA-NWFSC	
SSA:0020193	SSA:0020149	mother	NOAA-NWFSC	
SSA:0020194	SSA:0020162	mother	NOAA-NWFSC	
SSA:0020195	SSA:0020142	mother	NOAA-NWFSC	
SSA:0020196	SSA:0020150	mother	NOAA-NWFSC	
SSA:0020197	SSA:0020139	mother	NOAA-NWFSC	
SSA:0020198	SSA:0020166	mother	NOAA-NWFSC	
SSA:0020199	SSA:0020180	mother	NOAA-NWFSC	
SSA:0020200	SSA:0020142	mother	NOAA-NWFSC	
SSA:0020201	SSA:0020149	mother	NOAA-NWFSC	
SSA:0020202	SSA:0020150	mother	NOAA-NWFSC	
SSA:0020203	SSA:0020177	mother	NOAA-NWFSC	
SSA:0020204	SSA:0020142	mother	NOAA-NWFSC	
SSA:0020205	SSA:0020180	mother	NOAA-NWFSC	
SSA:0020206	SSA:0020187	mother	NOAA-NWFSC	
SSA:0020207	SSA:0020171	mother	NOAA-NWFSC	
SSA:0020208	SSA:0020142	mother	NOAA-NWFSC	
SSA:0020209	SSA:0020176	mother	NOAA-NWFSC	
SSA:0020210	SSA:0020149	mother	NOAA-NWFSC	
SSA:0020211	SSA:0020150	mother	NOAA-NWFSC	
SSA:0020212	SSA:0020171	mother	NOAA-NWFSC	
SSA:0020213	SSA:0020180	mother	NOAA-NWFSC	
SSA:0020214	SSA:0020187	mother	NOAA-NWFSC	
SSA:0020215	SSA:0020184	mother	NOAA-NWFSC	
SSA:0020216	SSA:0020196	mother	NOAA-NWFSC	
SSA:0020217	SSA:0020171	mother	NOAA-NWFSC	
SSA:0020218	SSA:0020180	mother	NOAA-NWFSC	
SSA:0020219	SSA:0020212	mother	NOAA-NWFSC	
SSA:0020220	SSA:0020187	mother	NOAA-NWFSC	
SSA:0020221	SSA:0020183	mother	NOAA-NWFSC	
