entity_id	status	effective	asserted_on	recorded	source_id	note
SSA:0010000	alive	1979		2026-07-28	BIGGS-SHEET	
SSA:0010001	alive	1989		2026-07-28	BIGGS-SHEET	
SSA:0010002	alive	2002		2026-07-28	BIGGS-SHEET	
SSA:0010003	dead	../2026-07		2026-07-28	BIGGS-SHEET	The sheet records the death but not its date; EDTF states what is known — it had happened by the snapshot.
SSA:0010004	alive	2011		2026-07-28	BIGGS-SHEET	
SSA:0010005	dead	../2026-07		2026-07-28	BIGGS-SHEET	The sheet records the death but not its date; EDTF states what is known — it had happened by the snapshot.
SSA:0010006	alive	2020		2026-07-28	BIGGS-SHEET	
SSA:0010007	alive	2025		2026-07-28	BIGGS-SHEET	
SSA:0010008	dead	../2026-07		2026-07-28	BIGGS-SHEET	The sheet records the death but not its date; EDTF states what is known — it had happened by the snapshot.
SSA:0010009	dead	../2026-07		2026-07-28	BIGGS-SHEET	The sheet records the death but not its date; EDTF states what is known — it had happened by the snapshot.
SSA:0010010	alive	1982		2026-07-28	BIGGS-SHEET	
SSA:0010011	alive	2005		2026-07-28	BIGGS-SHEET	
SSA:0010012	alive	2010		2026-07-28	BIGGS-SHEET	
SSA:0010013	alive	2018		2026-07-28	BIGGS-SHEET	
SSA:0010014	alive	2022		2026-07-28	BIGGS-SHEET	
SSA:0010016	dead	../2026-07		2026-07-28	BIGGS-SHEET	The sheet records the death but not its date; EDTF states what is known — it had happened by the snapshot.
SSA:0010017	dead	../2026-07		2026-07-28	BIGGS-SHEET	The sheet records the death but not its date; EDTF states what is known — it had happened by the snapshot.
SSA:0010018	dead	../2026-07		2026-07-28	BIGGS-SHEET	The sheet records the death but not its date; EDTF states what is known — it had happened by the snapshot.
SSA:0010019	alive	1978		2026-07-28	BIGGS-SHEET	
SSA:0010020	dead	../2026-07		2026-07-28	BIGGS-SHEET	The sheet records the death but not its date; EDTF states what is known — it had happened by the snapshot.
SSA:0010023	alive	1995		2026-07-28	BIGGS-SHEET	
SSA:0010024	alive	2001		2026-07-28	BIGGS-SHEET	
SSA:0010025	dead	../2026-07		2026-07-28	BIGGS-SHEET	The sheet records the death but not its date; EDTF states what is known — it had happened by the snapshot.
SSA:0010026	dead	../2026-07		2026-07-28	BIGGS-SHEET	The sheet records the death but not its date; EDTF states what is known — it had happened by the snapshot.
SSA:0010028	alive	1990		2026-07-28	BIGGS-SHEET	
SSA:0010029	alive	2009		2026-07-28	BIGGS-SHEET	
SSA:0010030	alive	2013		2026-07-28	BIGGS-SHEET	
SSA:0010031	alive	2018		2026-07-28	BIGGS-SHEET	
SSA:0010032	alive	2023		2026-07-28	BIGGS-SHEET	
SSA:0010033	alive	1993		2026-07-28	BIGGS-SHEET	
SSA:0010034	alive	2012		2026-07-28	BIGGS-SHEET	
SSA:0010035	alive	2015		2026-07-28	BIGGS-SHEET	
SSA:0010036	alive	2019		2026-07-28	BIGGS-SHEET	
SSA:0010038	alive	1990		2026-07-28	BIGGS-SHEET	
SSA:0010040	alive	1994		2026-07-28	BIGGS-SHEET	
SSA:0010041	alive	2012		2026-07-28	BIGGS-SHEET	
SSA:0010042	alive	2018		2026-07-28	BIGGS-SHEET	
SSA:0010043	alive	2021		2026-07-28	BIGGS-SHEET	
SSA:0010044	alive	1997		2026-07-28	BIGGS-SHEET	
SSA:0010045	alive	2015		2026-07-28	BIGGS-SHEET	
SSA:0010046	alive	2018		2026-07-28	BIGGS-SHEET	
SSA:0010047	alive	2003		2026-07-28	BIGGS-SHEET	
SSA:0010048	alive	2007		2026-07-28	BIGGS-SHEET	
SSA:0010049	alive	2013		2026-07-28	BIGGS-SHEET	
SSA:0010050	dead	../2026-07		2026-07-28	BIGGS-SHEET	The sheet records the death but not its date; EDTF states what is known — it had happened by the snapshot.
SSA:0010051	alive	1986		2026-07-28	BIGGS-SHEET	
SSA:0010052	alive	1993		2026-07-28	BIGGS-SHEET	
SSA:0010053	alive	2012		2026-07-28	BIGGS-SHEET	
SSA:0010054	alive	2017		2026-07-28	BIGGS-SHEET	
SSA:0010055	alive	2024		2026-07-28	BIGGS-SHEET	
SSA:0010056	alive	2005		2026-07-28	BIGGS-SHEET	
SSA:0010057	dead	../2026-07		2026-07-28	BIGGS-SHEET	The sheet records the death but not its date; EDTF states what is known — it had happened by the snapshot.
SSA:0010059	alive	2007		2026-07-28	BIGGS-SHEET	
SSA:0010060	dead	../2026-07		2026-07-28	BIGGS-SHEET	The sheet records the death but not its date; EDTF states what is known — it had happened by the snapshot.
SSA:0010061	alive	2024		2026-07-28	BIGGS-SHEET	
SSA:0010062	alive	2017		2026-07-28	BIGGS-SHEET	
SSA:0010064	alive	1998		2026-07-28	BIGGS-SHEET	
SSA:0010065	alive	2010		2026-07-28	BIGGS-SHEET	
SSA:0010066	alive	2013		2026-07-28	BIGGS-SHEET	
SSA:0010067	alive	2018		2026-07-28	BIGGS-SHEET	
SSA:0010068	alive	2022		2026-07-28	BIGGS-SHEET	
SSA:0010070	alive	1990		2026-07-28	BIGGS-SHEET	
SSA:0010071	alive	2005		2026-07-28	BIGGS-SHEET	
SSA:0010072	alive	2022		2026-07-28	BIGGS-SHEET	
SSA:0010073	alive	2012		2026-07-28	BIGGS-SHEET	
SSA:0010074	alive	2015		2026-07-28	BIGGS-SHEET	
SSA:0010075	alive	2021		2026-07-28	BIGGS-SHEET	
SSA:0010076	alive	1998		2026-07-28	BIGGS-SHEET	
SSA:0010077	alive	2009		2026-07-28	BIGGS-SHEET	
SSA:0010078	alive	2025		2026-07-28	BIGGS-SHEET	
SSA:0010079	alive	2013		2026-07-28	BIGGS-SHEET	
SSA:0010080	dead	../2026-07		2026-07-28	BIGGS-SHEET	The sheet records the death but not its date; EDTF states what is known — it had happened by the snapshot.
SSA:0010081	alive	2024		2026-07-28	BIGGS-SHEET	
SSA:0010082	alive	1979		2026-07-28	BIGGS-SHEET	
SSA:0010083	alive	1994		2026-07-28	BIGGS-SHEET	
SSA:0010084	alive	2007		2026-07-28	BIGGS-SHEET	
SSA:0010085	alive	2009		2026-07-28	BIGGS-SHEET	
SSA:0010086	alive	2013		2026-07-28	BIGGS-SHEET	
SSA:0010087	alive	2015		2026-07-28	BIGGS-SHEET	
SSA:0010088	dead	../2026-07		2026-07-28	BIGGS-SHEET	The sheet records the death but not its date; EDTF states what is known — it had happened by the snapshot.
SSA:0010089	alive	1998		2026-07-28	BIGGS-SHEET	
SSA:0010090	alive	2012		2026-07-28	BIGGS-SHEET	
SSA:0010091	dead	../2026-07		2026-07-28	BIGGS-SHEET	The sheet records the death but not its date; EDTF states what is known — it had happened by the snapshot.
SSA:0010092	alive	2022		2026-07-28	BIGGS-SHEET	
SSA:0010093	alive	1980		2026-07-28	BIGGS-SHEET	
SSA:0010094	alive	2000		2026-07-28	BIGGS-SHEET	
SSA:0010095	dead	../2026-07		2026-07-28	BIGGS-SHEET	The sheet records the death but not its date; EDTF states what is known — it had happened by the snapshot.
SSA:0010096	alive	2020		2026-07-28	BIGGS-SHEET	
SSA:0010097	alive	2024		2026-07-28	BIGGS-SHEET	
SSA:0010098	alive	2003		2026-07-28	BIGGS-SHEET	
SSA:0010099	alive	2018		2026-07-28	BIGGS-SHEET	
SSA:0010100	alive	2023		2026-07-28	BIGGS-SHEET	
SSA:0010101	alive	2008		2026-07-28	BIGGS-SHEET	
SSA:0010102	alive	2012		2026-07-28	BIGGS-SHEET	
SSA:0010103	alive	2017		2026-07-28	BIGGS-SHEET	
SSA:0010104	alive	2023		2026-07-28	BIGGS-SHEET	
SSA:0010105	dead	../2026-07		2026-07-28	BIGGS-SHEET	The sheet records the death but not its date; EDTF states what is known — it had happened by the snapshot.
SSA:0010107	alive	1988		2026-07-28	BIGGS-SHEET	
SSA:0010108	dead	../2026-07		2026-07-28	BIGGS-SHEET	The sheet records the death but not its date; EDTF states what is known — it had happened by the snapshot.
SSA:0010109	alive	2013		2026-07-28	BIGGS-SHEET	
SSA:0010110	alive	2018		2026-07-28	BIGGS-SHEET	
SSA:0010111	dead	../2026-07		2026-07-28	BIGGS-SHEET	The sheet records the death but not its date; EDTF states what is known — it had happened by the snapshot.
SSA:0010112	alive	1988		2026-07-28	BIGGS-SHEET	
SSA:0010113	alive	2003		2026-07-28	BIGGS-SHEET	
SSA:0010114	alive	2015		2026-07-28	BIGGS-SHEET	
SSA:0010115	dead	../2026-07		2026-07-28	BIGGS-SHEET	The sheet records the death but not its date; EDTF states what is known — it had happened by the snapshot.
SSA:0010116	alive	2022		2026-07-28	BIGGS-SHEET	
SSA:0010117	alive	2008		2026-07-28	BIGGS-SHEET	
SSA:0010118	dead	../2026-07		2026-07-28	BIGGS-SHEET	The sheet records the death but not its date; EDTF states what is known — it had happened by the snapshot.
SSA:0010119	alive	2023		2026-07-28	BIGGS-SHEET	
SSA:0010120	alive	2011		2026-07-28	BIGGS-SHEET	
SSA:0010121	alive	2025		2026-07-28	BIGGS-SHEET	
SSA:0010122	alive	2013		2026-07-28	BIGGS-SHEET	
SSA:0010123	dead	../2026-07		2026-07-28	BIGGS-SHEET	The sheet records the death but not its date; EDTF states what is known — it had happened by the snapshot.
SSA:0010124	alive	2019		2026-07-28	BIGGS-SHEET	
SSA:0010125	alive	2023		2026-07-28	BIGGS-SHEET	
SSA:0010126	alive	1994		2026-07-28	BIGGS-SHEET	
SSA:0010127	alive	2006		2026-07-28	BIGGS-SHEET	
SSA:0010128	alive	2009		2026-07-28	BIGGS-SHEET	
SSA:0010129	alive	2013		2026-07-28	BIGGS-SHEET	
SSA:0010130	alive	2018		2026-07-28	BIGGS-SHEET	
SSA:0010131	alive	2025		2026-07-28	BIGGS-SHEET	
SSA:0010132	alive	2000		2026-07-28	BIGGS-SHEET	
SSA:0010133	alive	2003		2026-07-28	BIGGS-SHEET	
SSA:0010134	alive	2012		2026-07-28	BIGGS-SHEET	
SSA:0010135	alive	1986		2026-07-28	BIGGS-SHEET	
SSA:0010136	alive	2001		2026-07-28	BIGGS-SHEET	
SSA:0010137	alive	2007		2026-07-28	BIGGS-SHEET	
SSA:0010138	alive	2011		2026-07-28	BIGGS-SHEET	
SSA:0010139	alive	2014		2026-07-28	BIGGS-SHEET	
SSA:0010140	alive	2017		2026-07-28	BIGGS-SHEET	
SSA:0010141	alive	2022		2026-07-28	BIGGS-SHEET	
SSA:0010142	alive	1992		2026-07-28	BIGGS-SHEET	
SSA:0010143	dead	../2026-07		2026-07-28	BIGGS-SHEET	The sheet records the death but not its date; EDTF states what is known — it had happened by the snapshot.
SSA:0010144	alive	2010		2026-07-28	BIGGS-SHEET	
SSA:0010145	alive	2013		2026-07-28	BIGGS-SHEET	
SSA:0010146	alive	2019		2026-07-28	BIGGS-SHEET	
SSA:0010147	alive	2023		2026-07-28	BIGGS-SHEET	
SSA:0010148	alive	1998		2026-07-28	BIGGS-SHEET	
SSA:0010149	alive	1980		2026-07-28	BIGGS-SHEET	
SSA:0010150	dead	../2026-07		2026-07-28	BIGGS-SHEET	The sheet records the death but not its date; EDTF states what is known — it had happened by the snapshot.
SSA:0010151	alive	1999		2026-07-28	BIGGS-SHEET	
SSA:0010152	alive	2012		2026-07-28	BIGGS-SHEET	
SSA:0010153	alive	2020		2026-07-28	BIGGS-SHEET	
SSA:0010154	dead	../2026-07		2026-07-28	BIGGS-SHEET	The sheet records the death but not its date; EDTF states what is known — it had happened by the snapshot.
SSA:0010155	alive	2011		2026-07-28	BIGGS-SHEET	
SSA:0010156	alive	2013		2026-07-28	BIGGS-SHEET	
SSA:0010157	alive	1981		2026-07-28	BIGGS-SHEET	
SSA:0010158	alive	1972		2026-07-28	BIGGS-SHEET	
SSA:0010160	alive	1989		2026-07-28	BIGGS-SHEET	
SSA:0010161	alive	1994		2026-07-28	BIGGS-SHEET	
SSA:0010162	alive	2021		2026-07-28	BIGGS-SHEET	
SSA:0010163	alive	2004		2026-07-28	BIGGS-SHEET	
SSA:0010164	dead	../2026-07		2026-07-28	BIGGS-SHEET	The sheet records the death but not its date; EDTF states what is known — it had happened by the snapshot.
SSA:0010165	dead	../2026-07		2026-07-28	BIGGS-SHEET	The sheet records the death but not its date; EDTF states what is known — it had happened by the snapshot.
SSA:0010166	dead	../2026-07		2026-07-28	BIGGS-SHEET	The sheet records the death but not its date; EDTF states what is known — it had happened by the snapshot.
SSA:0010168	alive	1995		2026-07-28	BIGGS-SHEET	
SSA:0010169	alive	2006		2026-07-28	BIGGS-SHEET	
SSA:0010170	alive	2023		2026-07-28	BIGGS-SHEET	
SSA:0010171	alive	2009		2026-07-28	BIGGS-SHEET	
SSA:0010172	alive	2013		2026-07-28	BIGGS-SHEET	
SSA:0010173	alive	2017		2026-07-28	BIGGS-SHEET	
SSA:0010174	alive	2020		2026-07-28	BIGGS-SHEET	
SSA:0010176	alive	2001		2026-07-28	BIGGS-SHEET	
SSA:0010177	alive	2004		2026-07-28	BIGGS-SHEET	
SSA:0010178	alive	2008		2026-07-28	BIGGS-SHEET	
SSA:0010179	alive	2012		2026-07-28	BIGGS-SHEET	
SSA:0010180	alive	2019		2026-07-28	BIGGS-SHEET	
SSA:0010181	alive	1978		2026-07-28	BIGGS-SHEET	
SSA:0010183	alive	1993		2026-07-28	BIGGS-SHEET	
SSA:0010184	dead	../2026-07		2026-07-28	BIGGS-SHEET	The sheet records the death but not its date; EDTF states what is known — it had happened by the snapshot.
SSA:0010185	alive	2014		2026-07-28	BIGGS-SHEET	
SSA:0010186	alive	2018		2026-07-28	BIGGS-SHEET	
SSA:0010187	alive	2021		2026-07-28	BIGGS-SHEET	
SSA:0010188	alive	2002		2026-07-28	BIGGS-SHEET	
SSA:0010189	alive	2013		2026-07-28	BIGGS-SHEET	
SSA:0010190	alive	2024		2026-07-28	BIGGS-SHEET	
SSA:0010191	alive	2019		2026-07-28	BIGGS-SHEET	
SSA:0010193	alive	1986		2026-07-28	BIGGS-SHEET	
SSA:0010194	alive	2004		2026-07-28	BIGGS-SHEET	
SSA:0010195	alive	2007		2026-07-28	BIGGS-SHEET	
SSA:0010196	alive	2011		2026-07-28	BIGGS-SHEET	
SSA:0010197	alive	2014		2026-07-28	BIGGS-SHEET	
SSA:0010198	alive	2018		2026-07-28	BIGGS-SHEET	
SSA:0010199	alive	1993		2026-07-28	BIGGS-SHEET	
SSA:0010200	alive	2011		2026-07-28	BIGGS-SHEET	
SSA:0010201	alive	2019		2026-07-28	BIGGS-SHEET	
SSA:0010202	alive	2023		2026-07-28	BIGGS-SHEET	
SSA:0010204	alive	1984		2026-07-28	BIGGS-SHEET	
SSA:0010205	alive	1987		2026-07-28	BIGGS-SHEET	
SSA:0010206	alive	2001		2026-07-28	BIGGS-SHEET	
SSA:0010207	alive	2013		2026-07-28	BIGGS-SHEET	
SSA:0010208	alive	2019		2026-07-28	BIGGS-SHEET	
SSA:0010209	alive	2025		2026-07-28	BIGGS-SHEET	
SSA:0010210	alive	2004		2026-07-28	BIGGS-SHEET	
SSA:0010211	alive	2010		2026-07-28	BIGGS-SHEET	
SSA:0010212	alive	2014		2026-07-28	BIGGS-SHEET	
SSA:0010213	alive	2019		2026-07-28	BIGGS-SHEET	
SSA:0010214	alive	1992		2026-07-28	BIGGS-SHEET	
SSA:0010215	alive	2007		2026-07-28	BIGGS-SHEET	
SSA:0010216	alive	2012		2026-07-28	BIGGS-SHEET	
SSA:0010217	alive	2024		2026-07-28	BIGGS-SHEET	
SSA:0010218	alive	2014		2026-07-28	BIGGS-SHEET	
SSA:0010219	dead	../2026-07		2026-07-28	BIGGS-SHEET	The sheet records the death but not its date; EDTF states what is known — it had happened by the snapshot.
SSA:0010220	alive	2023		2026-07-28	BIGGS-SHEET	
SSA:0010222	alive	1989		2026-07-28	BIGGS-SHEET	
SSA:0010223	alive	2006		2026-07-28	BIGGS-SHEET	
SSA:0010224	alive	2011		2026-07-28	BIGGS-SHEET	
SSA:0010225	alive	2016		2026-07-28	BIGGS-SHEET	
SSA:0010226	dead	../2026-07		2026-07-28	BIGGS-SHEET	The sheet records the death but not its date; EDTF states what is known — it had happened by the snapshot.
SSA:0010227	alive	2023		2026-07-28	BIGGS-SHEET	
SSA:0010228	alive	1995		2026-07-28	BIGGS-SHEET	
SSA:0010229	alive	2001		2026-07-28	BIGGS-SHEET	
SSA:0010230	alive	2013		2026-07-28	BIGGS-SHEET	
SSA:0010231	alive	2016		2026-07-28	BIGGS-SHEET	
SSA:0010232	alive	2020		2026-07-28	BIGGS-SHEET	
SSA:0010233	alive	2024		2026-07-28	BIGGS-SHEET	
SSA:0010234	alive	2004		2026-07-28	BIGGS-SHEET	
SSA:0010235	alive	2010		2026-07-28	BIGGS-SHEET	
SSA:0010236	alive	1970		2026-07-28	BIGGS-SHEET	
SSA:0010237	alive	1980		2026-07-28	BIGGS-SHEET	
SSA:0010238	dead	../2026-07		2026-07-28	BIGGS-SHEET	The sheet records the death but not its date; EDTF states what is known — it had happened by the snapshot.
SSA:0010239	alive	2000		2026-07-28	BIGGS-SHEET	
SSA:0010240	alive	2013		2026-07-28	BIGGS-SHEET	
SSA:0010241	alive	2018		2026-07-28	BIGGS-SHEET	
SSA:0010242	alive	2024		2026-07-28	BIGGS-SHEET	
SSA:0010243	alive	2007		2026-07-28	BIGGS-SHEET	
SSA:0010244	alive	2011		2026-07-28	BIGGS-SHEET	
SSA:0010245	alive	2017		2026-07-28	BIGGS-SHEET	
SSA:0010246	alive	1974		2026-07-28	BIGGS-SHEET	
SSA:0010248	alive	1987		2026-07-28	BIGGS-SHEET	
SSA:0010249	alive	2005		2026-07-28	BIGGS-SHEET	
SSA:0010250	alive	2010		2026-07-28	BIGGS-SHEET	
SSA:0010251	alive	2015		2026-07-28	BIGGS-SHEET	
SSA:0010252	alive	1991		2026-07-28	BIGGS-SHEET	
SSA:0010253	alive	1998		2026-07-28	BIGGS-SHEET	
SSA:0010254	alive	2012		2026-07-28	BIGGS-SHEET	
SSA:0010255	alive	2021		2026-07-28	BIGGS-SHEET	
SSA:0010256	alive	2005		2026-07-28	BIGGS-SHEET	
SSA:0010257	alive	1979		2026-07-28	BIGGS-SHEET	
SSA:0010259	alive	1991		2026-07-28	BIGGS-SHEET	
SSA:0010260	alive	1995		2026-07-28	BIGGS-SHEET	
SSA:0010261	dead	../2026-07		2026-07-28	BIGGS-SHEET	The sheet records the death but not its date; EDTF states what is known — it had happened by the snapshot.
SSA:0010262	alive	2015		2026-07-28	BIGGS-SHEET	
SSA:0010263	alive	2017		2026-07-28	BIGGS-SHEET	
SSA:0010264	alive	2021		2026-07-28	BIGGS-SHEET	
SSA:0010265	alive	1998		2026-07-28	BIGGS-SHEET	
SSA:0010266	dead	../2026-07		2026-07-28	BIGGS-SHEET	The sheet records the death but not its date; EDTF states what is known — it had happened by the snapshot.
SSA:0010267	dead	../2026-07		2026-07-28	BIGGS-SHEET	The sheet records the death but not its date; EDTF states what is known — it had happened by the snapshot.
SSA:0010268	alive	2021		2026-07-28	BIGGS-SHEET	
SSA:0010269	alive	2023		2026-07-28	BIGGS-SHEET	
SSA:0010271	presumed_dead	../2026-07		2026-07-28	BIGGS-SHEET	The sheet records the death but not its date; EDTF states what is known — it had happened by the snapshot.
SSA:0010272	dead	../2026-07		2026-07-28	BIGGS-SHEET	The sheet records the death but not its date; EDTF states what is known — it had happened by the snapshot.
SSA:0010273	alive	2006		2026-07-28	BIGGS-SHEET	
SSA:0010274	alive	2009		2026-07-28	BIGGS-SHEET	
SSA:0010275	alive	2016		2026-07-28	BIGGS-SHEET	
SSA:0010277	dead	../2026-07		2026-07-28	BIGGS-SHEET	The sheet records the death but not its date; EDTF states what is known — it had happened by the snapshot.
SSA:0010278	alive	1995		2026-07-28	BIGGS-SHEET	
SSA:0010279	dead	../2026-07		2026-07-28	BIGGS-SHEET	The sheet records the death but not its date; EDTF states what is known — it had happened by the snapshot.
SSA:0010280	alive	2014		2026-07-28	BIGGS-SHEET	
SSA:0010281	alive	1988		2026-07-28	BIGGS-SHEET	
SSA:0010282	alive	2001		2026-07-28	BIGGS-SHEET	
SSA:0010283	dead	../2026-07		2026-07-28	BIGGS-SHEET	The sheet records the death but not its date; EDTF states what is known — it had happened by the snapshot.
SSA:0010284	alive	2023		2026-07-28	BIGGS-SHEET	
SSA:0010285	alive	2011		2026-07-28	BIGGS-SHEET	
SSA:0010286	alive	2024		2026-07-28	BIGGS-SHEET	
SSA:0010287	alive	2016		2026-07-28	BIGGS-SHEET	
SSA:0010288	alive	2024		2026-07-28	BIGGS-SHEET	
SSA:0010290	alive	1980		2026-07-28	BIGGS-SHEET	
SSA:0010291	alive	2006		2026-07-28	BIGGS-SHEET	
SSA:0010292	alive	2010		2026-07-28	BIGGS-SHEET	
SSA:0010293	alive	2017		2026-07-28	BIGGS-SHEET	
SSA:0010295	presumed_dead	../2026-07		2026-07-28	BIGGS-SHEET	The sheet records the death but not its date; EDTF states what is known — it had happened by the snapshot.
SSA:0010296	alive	1980		2026-07-28	BIGGS-SHEET	
SSA:0010298	dead	../2026-07		2026-07-28	BIGGS-SHEET	The sheet records the death but not its date; EDTF states what is known — it had happened by the snapshot.
SSA:0010299	alive	2007		2026-07-28	BIGGS-SHEET	
SSA:0010300	alive	2024		2026-07-28	BIGGS-SHEET	
SSA:0010301	alive	2009		2026-07-28	BIGGS-SHEET	
SSA:0010302	alive	2015		2026-07-28	BIGGS-SHEET	
SSA:0010303	alive	2021		2026-07-28	BIGGS-SHEET	
SSA:0010305	alive	1997		2026-07-28	BIGGS-SHEET	
SSA:0010306	alive	2010		2026-07-28	BIGGS-SHEET	
SSA:0010307	dead	../2026-07		2026-07-28	BIGGS-SHEET	The sheet records the death but not its date; EDTF states what is known — it had happened by the snapshot.
SSA:0010308	alive	2024		2026-07-28	BIGGS-SHEET	
SSA:0010309	alive	2002		2026-07-28	BIGGS-SHEET	
SSA:0010310	alive	2009		2026-07-28	BIGGS-SHEET	
SSA:0010311	alive	2014		2026-07-28	BIGGS-SHEET	
SSA:0010313	alive	1993		2026-07-28	BIGGS-SHEET	
SSA:0010314	alive	1997		2026-07-28	BIGGS-SHEET	
SSA:0010315	dead	../2026-07		2026-07-28	BIGGS-SHEET	The sheet records the death but not its date; EDTF states what is known — it had happened by the snapshot.
SSA:0010318	alive	1990		2026-07-28	BIGGS-SHEET	
SSA:0010319	alive	2005		2026-07-28	BIGGS-SHEET	
SSA:0010320	alive	2016		2026-07-28	BIGGS-SHEET	
SSA:0010321	alive	2018		2026-07-28	BIGGS-SHEET	
SSA:0010322	alive	2021		2026-07-28	BIGGS-SHEET	
SSA:0010323	alive	2023		2026-07-28	BIGGS-SHEET	
SSA:0010324	dead	../2026-07		2026-07-28	BIGGS-SHEET	The sheet records the death but not its date; EDTF states what is known — it had happened by the snapshot.
SSA:0010325	alive	2022		2026-07-28	BIGGS-SHEET	
SSA:0010326	alive	2012		2026-07-28	BIGGS-SHEET	
SSA:0010327	alive	2014		2026-07-28	BIGGS-SHEET	
SSA:0010328	alive	2018		2026-07-28	BIGGS-SHEET	
SSA:0010329	alive	2021		2026-07-28	BIGGS-SHEET	
SSA:0010330	alive	2024		2026-07-28	BIGGS-SHEET	
SSA:0010331	alive	1996		2026-07-28	BIGGS-SHEET	
SSA:0010332	alive	2013		2026-07-28	BIGGS-SHEET	
SSA:0010333	alive	2015		2026-07-28	BIGGS-SHEET	
SSA:0010334	alive	2018		2026-07-28	BIGGS-SHEET	
SSA:0010335	alive	2024		2026-07-28	BIGGS-SHEET	
SSA:0010336	alive	2002		2026-07-28	BIGGS-SHEET	
SSA:0010337	alive	2012		2026-07-28	BIGGS-SHEET	
SSA:0010338	alive	2017		2026-07-28	BIGGS-SHEET	
SSA:0010339	alive	2022		2026-07-28	BIGGS-SHEET	
SSA:0010340	alive	2007		2026-07-28	BIGGS-SHEET	
SSA:0010341	alive	2018		2026-07-28	BIGGS-SHEET	
SSA:0010342	alive	2021		2026-07-28	BIGGS-SHEET	
SSA:0010343	alive	2013		2026-07-28	BIGGS-SHEET	
SSA:0010345	alive	1990		2026-07-28	BIGGS-SHEET	
SSA:0010346	alive	2006		2026-07-28	BIGGS-SHEET	
SSA:0010347	alive	2000		2026-07-28	BIGGS-SHEET	
SSA:0010350	alive	2007		2026-07-28	BIGGS-SHEET	
SSA:0010351	unknown	../2026-07		2026-07-28	BIGGS-SHEET	Sheet marks the animal's status uncertain.
SSA:0010353	unknown	../2026-07		2026-07-28	BIGGS-SHEET	Sheet marks the animal's status uncertain.
SSA:0010354	dead	../2026-07		2026-07-28	BIGGS-SHEET	The sheet records the death but not its date; EDTF states what is known — it had happened by the snapshot.
SSA:0010359	alive	1992		2026-07-28	BIGGS-SHEET	
SSA:0010360	alive	2005		2026-07-28	BIGGS-SHEET	
SSA:0010361	alive	2023		2026-07-28	BIGGS-SHEET	
SSA:0010362	presumed_dead	../2026-07		2026-07-28	BIGGS-SHEET	The sheet records the death but not its date; EDTF states what is known — it had happened by the snapshot.
SSA:0010363	alive	1986		2026-07-28	BIGGS-SHEET	
SSA:0010364	alive	1998		2026-07-28	BIGGS-SHEET	
SSA:0010365	dead	../2026-07		2026-07-28	BIGGS-SHEET	The sheet records the death but not its date; EDTF states what is known — it had happened by the snapshot.
SSA:0010366	alive	2018		2026-07-28	BIGGS-SHEET	
SSA:0010367	alive	2024		2026-07-28	BIGGS-SHEET	
SSA:0010369	alive	1985		2026-07-28	BIGGS-SHEET	
SSA:0010370	alive	2000		2026-07-28	BIGGS-SHEET	
SSA:0010371	alive	2012		2026-07-28	BIGGS-SHEET	
SSA:0010372	alive	2018		2026-07-28	BIGGS-SHEET	
SSA:0010373	dead	../2026-07		2026-07-28	BIGGS-SHEET	The sheet records the death but not its date; EDTF states what is known — it had happened by the snapshot.
SSA:0010374	alive	1984		2026-07-28	BIGGS-SHEET	
SSA:0010375	alive	1996		2026-07-28	BIGGS-SHEET	
SSA:0010376	alive	2024		2026-07-28	BIGGS-SHEET	
SSA:0010377	alive	2001		2026-07-28	BIGGS-SHEET	
SSA:0010378	alive	2013		2026-07-28	BIGGS-SHEET	
SSA:0010379	alive	2016		2026-07-28	BIGGS-SHEET	
SSA:0010380	dead	../2026-07		2026-07-28	BIGGS-SHEET	The sheet records the death but not its date; EDTF states what is known — it had happened by the snapshot.
SSA:0010381	dead	../2026-07		2026-07-28	BIGGS-SHEET	The sheet records the death but not its date; EDTF states what is known — it had happened by the snapshot.
SSA:0010382	alive	2010		2026-07-28	BIGGS-SHEET	
SSA:0010383	alive	2021		2026-07-28	BIGGS-SHEET	
SSA:0010384	alive	2016		2026-07-28	BIGGS-SHEET	
SSA:0010385	alive	2021		2026-07-28	BIGGS-SHEET	
SSA:0010386	alive	1992		2026-07-28	BIGGS-SHEET	
SSA:0010387	alive	1996		2026-07-28	BIGGS-SHEET	
SSA:0010388	alive	2014		2026-07-28	BIGGS-SHEET	
SSA:0010389	dead	../2026-07		2026-07-28	BIGGS-SHEET	The sheet records the death but not its date; EDTF states what is known — it had happened by the snapshot.
SSA:0010390	alive	2021		2026-07-28	BIGGS-SHEET	
SSA:0010391	alive	2024		2026-07-28	BIGGS-SHEET	
SSA:0010392	dead	../2026-07		2026-07-28	BIGGS-SHEET	The sheet records the death but not its date; EDTF states what is known — it had happened by the snapshot.
SSA:0010394	alive	1998		2026-07-28	BIGGS-SHEET	
SSA:0010395	alive	1984		2026-07-28	BIGGS-SHEET	
SSA:0010396	alive	1988		2026-07-28	BIGGS-SHEET	
SSA:0010397	unknown	../2026-07		2026-07-28	BIGGS-SHEET	Sheet marks the animal's status uncertain.
SSA:0010398	unknown	../2026-07		2026-07-28	BIGGS-SHEET	Sheet marks the animal's status uncertain.
SSA:0010399	unknown	../2026-07		2026-07-28	BIGGS-SHEET	Sheet marks the animal's status uncertain.
SSA:0010401	unknown	../2026-07		2026-07-28	BIGGS-SHEET	Sheet marks the animal's status uncertain.
SSA:0010403	unknown	../2026-07		2026-07-28	BIGGS-SHEET	Sheet marks the animal's status uncertain.
SSA:0010404	alive	1984		2026-07-28	BIGGS-SHEET	
SSA:0010405	alive	2002		2026-07-28	BIGGS-SHEET	
SSA:0010406	alive	2006		2026-07-28	BIGGS-SHEET	
SSA:0010407	alive	2012		2026-07-28	BIGGS-SHEET	
SSA:0010410	alive	2004		2026-07-28	BIGGS-SHEET	
SSA:0010411	alive	2008		2026-07-28	BIGGS-SHEET	
SSA:0010412	alive	1989		2026-07-28	BIGGS-SHEET	
SSA:0010413	dead	../2026-07		2026-07-28	BIGGS-SHEET	The sheet records the death but not its date; EDTF states what is known — it had happened by the snapshot.
SSA:0010414	alive	2012		2026-07-28	BIGGS-SHEET	
SSA:0010415	alive	2017		2026-07-28	BIGGS-SHEET	
SSA:0010416	unknown	../2026-07		2026-07-28	BIGGS-SHEET	Sheet marks the animal's status uncertain.
SSA:0010417	unknown	../2026-07		2026-07-28	BIGGS-SHEET	Sheet marks the animal's status uncertain.
SSA:0010418	alive	1987		2026-07-28	BIGGS-SHEET	
SSA:0010419	alive	1999		2026-07-28	BIGGS-SHEET	
SSA:0010420	alive	2018		2026-07-28	BIGGS-SHEET	
SSA:0010421	alive	2023		2026-07-28	BIGGS-SHEET	
SSA:0010422	alive	2002		2026-07-28	BIGGS-SHEET	
SSA:0010423	alive	2004		2026-07-28	BIGGS-SHEET	
SSA:0010424	alive	2019		2026-07-28	BIGGS-SHEET	
SSA:0010425	alive	2008		2026-07-28	BIGGS-SHEET	
SSA:0010426	dead	../2026-07		2026-07-28	BIGGS-SHEET	The sheet records the death but not its date; EDTF states what is known — it had happened by the snapshot.
SSA:0010427	presumed_dead	../2026-07		2026-07-28	BIGGS-SHEET	The sheet records the death but not its date; EDTF states what is known — it had happened by the snapshot.
SSA:0010428	presumed_dead	../2026-07		2026-07-28	BIGGS-SHEET	The sheet records the death but not its date; EDTF states what is known — it had happened by the snapshot.
SSA:0010429	unknown	../2026-07		2026-07-28	BIGGS-SHEET	Sheet marks the animal's status uncertain.
SSA:0010430	alive	1990		2026-07-28	BIGGS-SHEET	
SSA:0010432	alive	2005		2026-07-28	BIGGS-SHEET	
SSA:0010433	alive	2019		2026-07-28	BIGGS-SHEET	
SSA:0010434	alive	2010		2026-07-28	BIGGS-SHEET	
SSA:0010435	alive	2014		2026-07-28	BIGGS-SHEET	
SSA:0010436	alive	2019		2026-07-28	BIGGS-SHEET	
SSA:0010437	alive	1995		2026-07-28	BIGGS-SHEET	
SSA:0010438	alive	2012		2026-07-28	BIGGS-SHEET	
SSA:0010439	alive	2018		2026-07-28	BIGGS-SHEET	
SSA:0010440	alive	2022		2026-07-28	BIGGS-SHEET	
SSA:0010441	alive	1990		2026-07-28	BIGGS-SHEET	
SSA:0010442	unknown	../2026-07		2026-07-28	BIGGS-SHEET	Sheet marks the animal's status uncertain.
SSA:0010443	unknown	../2026-07		2026-07-28	BIGGS-SHEET	Sheet marks the animal's status uncertain.
SSA:0010447	alive	1994		2026-07-28	BIGGS-SHEET	
SSA:0010448	alive	2012		2026-07-28	BIGGS-SHEET	
SSA:0010449	alive	1992		2026-07-28	BIGGS-SHEET	
SSA:0010450	alive	2010		2026-07-28	BIGGS-SHEET	
SSA:0010451	alive	2015		2026-07-28	BIGGS-SHEET	
SSA:0010452	alive	2020		2026-07-28	BIGGS-SHEET	
SSA:0010453	alive	1992		2026-07-28	BIGGS-SHEET	
SSA:0010454	alive	2013		2026-07-28	BIGGS-SHEET	
SSA:0010455	alive	2021		2026-07-28	BIGGS-SHEET	
SSA:0010456	unknown	../2026-07		2026-07-28	BIGGS-SHEET	Sheet marks the animal's status uncertain.
SSA:0010457	presumed_dead	../2026-07		2026-07-28	BIGGS-SHEET	The sheet records the death but not its date; EDTF states what is known — it had happened by the snapshot.
SSA:0010458	dead	../2026-07		2026-07-28	BIGGS-SHEET	The sheet records the death but not its date; EDTF states what is known — it had happened by the snapshot.
SSA:0010459	alive	1989		2026-07-28	BIGGS-SHEET	
SSA:0010460	presumed_dead	../2026-07		2026-07-28	BIGGS-SHEET	The sheet records the death but not its date; EDTF states what is known — it had happened by the snapshot.
SSA:0010462	alive	1998		2026-07-28	BIGGS-SHEET	
SSA:0010463	alive	2015		2026-07-28	BIGGS-SHEET	
SSA:0010464	alive	2019		2026-07-28	BIGGS-SHEET	
SSA:0010465	alive	2005		2026-07-28	BIGGS-SHEET	
SSA:0010466	dead	../2026-07		2026-07-28	BIGGS-SHEET	The sheet records the death but not its date; EDTF states what is known — it had happened by the snapshot.
SSA:0010467	dead	../2026-07		2026-07-28	BIGGS-SHEET	The sheet records the death but not its date; EDTF states what is known — it had happened by the snapshot.
SSA:0010468	alive	1982		2026-07-28	BIGGS-SHEET	
SSA:0010469	alive	1994		2026-07-28	BIGGS-SHEET	
SSA:0010470	alive	2007		2026-07-28	BIGGS-SHEET	
SSA:0010471	alive	2013		2026-07-28	BIGGS-SHEET	
SSA:0010472	unknown	../2026-07		2026-07-28	BIGGS-SHEET	Sheet marks the animal's status uncertain.
SSA:0010473	unknown	../2026-07		2026-07-28	BIGGS-SHEET	Sheet marks the animal's status uncertain.
SSA:0010474	alive	1984		2026-07-28	BIGGS-SHEET	
SSA:0010475	alive	1999		2026-07-28	BIGGS-SHEET	
SSA:0010476	alive	2010		2026-07-28	BIGGS-SHEET	
SSA:0010477	alive	1989		2026-07-28	BIGGS-SHEET	
SSA:0010478	unknown	../2026-07		2026-07-28	BIGGS-SHEET	Sheet marks the animal's status uncertain.
SSA:0010479	unknown	../2026-07		2026-07-28	BIGGS-SHEET	Sheet marks the animal's status uncertain.
SSA:0010480	unknown	../2026-07		2026-07-28	BIGGS-SHEET	Sheet marks the animal's status uncertain.
SSA:0010481	unknown	../2026-07		2026-07-28	BIGGS-SHEET	Sheet marks the animal's status uncertain.
SSA:0010482	unknown	../2026-07		2026-07-28	BIGGS-SHEET	Sheet marks the animal's status uncertain.
SSA:0010483	unknown	../2026-07		2026-07-28	BIGGS-SHEET	Sheet marks the animal's status uncertain.
SSA:0010485	alive	2007		2026-07-28	BIGGS-SHEET	
SSA:0010486	alive	1995		2026-07-28	BIGGS-SHEET	
SSA:0010487	alive	1999		2026-07-28	BIGGS-SHEET	
SSA:0010488	unknown	../2026-07		2026-07-28	BIGGS-SHEET	Sheet marks the animal's status uncertain.
SSA:0010489	unknown	../2026-07		2026-07-28	BIGGS-SHEET	Sheet marks the animal's status uncertain.
SSA:0010492	alive	1993		2026-07-28	BIGGS-SHEET	
SSA:0010493	alive	2008		2026-07-28	BIGGS-SHEET	
SSA:0010496	alive	1997		2026-07-28	BIGGS-SHEET	
SSA:0010498	alive	1998		2026-07-28	BIGGS-SHEET	
SSA:0010499	alive	2013		2026-07-28	BIGGS-SHEET	
SSA:0010500	dead	../2026-07		2026-07-28	BIGGS-SHEET	The sheet records the death but not its date; EDTF states what is known — it had happened by the snapshot.
SSA:0010501	alive	2003		2026-07-28	BIGGS-SHEET	
SSA:0010503	alive	1989		2026-07-28	BIGGS-SHEET	
SSA:0010504	alive	2017		2026-07-28	BIGGS-SHEET	
SSA:0010506	alive	1982		2026-07-28	BIGGS-SHEET	
SSA:0010508	alive	2001		2026-07-28	BIGGS-SHEET	
SSA:0010509	alive	2019		2026-07-28	BIGGS-SHEET	
SSA:0020000	alive	1951		2026-10-06	NOAA-NWFSC	
SSA:0020000	presumed_dead	2010		2026-10-06	NOAA-NWFSC	NOAA gives the year only.
SSA:0020001	alive	1911		2026-10-06	NOAA-NWFSC	
SSA:0020001	presumed_dead	2017		2026-10-06	NOAA-NWFSC	NOAA gives the year only.
SSA:0020002	alive	1953		2026-10-06	NOAA-NWFSC	
SSA:0020002	presumed_dead	1995		2026-10-06	NOAA-NWFSC	NOAA gives the year only.
SSA:0020003	alive	1957		2026-10-06	NOAA-NWFSC	
SSA:0020003	presumed_dead	1995		2026-10-06	NOAA-NWFSC	NOAA gives the year only.
SSA:0020004	alive	1938		2026-10-06	NOAA-NWFSC	
SSA:0020004	presumed_dead	1997		2026-10-06	NOAA-NWFSC	NOAA gives the year only.
SSA:0020005	alive	1956		2026-10-06	NOAA-NWFSC	
SSA:0020005	presumed_dead	1998		2026-10-06	NOAA-NWFSC	NOAA gives the year only.
SSA:0020006	alive	1939		2026-10-06	NOAA-NWFSC	
SSA:0020006	presumed_dead	1983		2026-10-06	NOAA-NWFSC	NOAA gives the year only.
SSA:0020007	alive	1933		2026-10-06	NOAA-NWFSC	
SSA:0020007	presumed_dead	2013		2026-10-06	NOAA-NWFSC	NOAA gives the year only.
SSA:0020008	alive	1917		2026-10-06	NOAA-NWFSC	
SSA:0020008	presumed_dead	1985		2026-10-06	NOAA-NWFSC	NOAA gives the year only.
SSA:0020009	alive	1962		2026-10-06	NOAA-NWFSC	
SSA:0020009	presumed_dead	1999		2026-10-06	NOAA-NWFSC	NOAA gives the year only.
SSA:0020010	alive	1972		2026-10-06	NOAA-NWFSC	
SSA:0020010	presumed_dead	2008		2026-10-06	NOAA-NWFSC	NOAA gives the year only.
SSA:0020011	alive	1935		2026-10-06	NOAA-NWFSC	
SSA:0020011	presumed_dead	1996		2026-10-06	NOAA-NWFSC	NOAA gives the year only.
SSA:0020012	alive	1971		2026-10-06	NOAA-NWFSC	
SSA:0020012	presumed_dead	1980		2026-10-06	NOAA-NWFSC	NOAA gives the year only.
SSA:0020013	alive	1974		2026-10-06	NOAA-NWFSC	
SSA:0020013	presumed_dead	2016		2026-10-06	NOAA-NWFSC	NOAA gives the year only.
SSA:0020014	alive	1976		2026-10-06	NOAA-NWFSC	
SSA:0020014	presumed_dead	1981		2026-10-06	NOAA-NWFSC	NOAA gives the year only.
SSA:0020015	alive	1972		2026-10-06	NOAA-NWFSC	
SSA:0000105	alive	1977		2026-10-06	NOAA-NWFSC	
SSA:0000105	presumed_dead	2019		2026-10-06	NOAA-NWFSC	NOAA gives the year only.
SSA:0020016	alive	1977		2026-10-06	NOAA-NWFSC	
SSA:0020016	presumed_dead	2000		2026-10-06	NOAA-NWFSC	NOAA gives the year only.
SSA:0020017	alive	1979		2026-10-06	NOAA-NWFSC	
SSA:0020018	alive	1981		2026-10-06	NOAA-NWFSC	
SSA:0020018	presumed_dead	1998		2026-10-06	NOAA-NWFSC	NOAA gives the year only.
SSA:0020019	alive	1982		2026-10-06	NOAA-NWFSC	
SSA:0020019	presumed_dead	1983		2026-10-06	NOAA-NWFSC	NOAA gives the year only.
SSA:0020020	alive	1985		2026-10-06	NOAA-NWFSC	
SSA:0020021	alive	1987		2026-10-06	NOAA-NWFSC	
SSA:0020021	presumed_dead	1991		2026-10-06	NOAA-NWFSC	NOAA gives the year only.
SSA:0020022	presumed_dead	1972		2026-10-06	NOAA-NWFSC	NOAA gives the year only.
SSA:0020023	presumed_dead	1988		2026-10-06	NOAA-NWFSC	NOAA gives the year only.
SSA:0020024	alive	1991		2026-10-06	NOAA-NWFSC	
SSA:0020025	alive	1991		2026-10-06	NOAA-NWFSC	
SSA:0020026	alive	1993		2026-10-06	NOAA-NWFSC	
SSA:0020026	presumed_dead	2016		2026-10-06	NOAA-NWFSC	NOAA gives the year only.
SSA:0020027	presumed_dead	2013		2026-10-06	NOAA-NWFSC	NOAA gives the year only.
SSA:0020028	presumed_dead	1993		2026-10-06	NOAA-NWFSC	NOAA gives the year only.
SSA:0020029	alive	1995		2026-10-06	NOAA-NWFSC	
SSA:0020029	presumed_dead	2012		2026-10-06	NOAA-NWFSC	NOAA gives the year only.
SSA:0020030	alive	1995		2026-10-06	NOAA-NWFSC	
SSA:0020031	presumed_dead	2016		2026-10-06	NOAA-NWFSC	NOAA gives the year only.
SSA:0020032	alive	1996		2026-10-06	NOAA-NWFSC	
SSA:0020032	presumed_dead	2014		2026-10-06	NOAA-NWFSC	NOAA gives the year only.
SSA:0020033	alive	1996		2026-10-06	NOAA-NWFSC	
SSA:0020033	presumed_dead	2010		2026-10-06	NOAA-NWFSC	NOAA gives the year only.
SSA:0020034	alive	1998		2026-10-06	NOAA-NWFSC	
SSA:0020034	presumed_dead	2016		2026-10-06	NOAA-NWFSC	NOAA gives the year only.
SSA:0000101	alive	1998		2026-10-06	NOAA-NWFSC	
SSA:0020035	presumed_dead	2018		2026-10-06	NOAA-NWFSC	NOAA gives the year only.
SSA:0020036	alive	1999		2026-10-06	NOAA-NWFSC	
SSA:0020037	alive	2001		2026-10-06	NOAA-NWFSC	
SSA:0020038	alive	2003		2026-10-06	NOAA-NWFSC	
SSA:0020039	alive	2003		2026-10-06	NOAA-NWFSC	
SSA:0020040	alive	2004		2026-10-06	NOAA-NWFSC	
SSA:0020041	alive	2005		2026-10-06	NOAA-NWFSC	
SSA:0020042	alive	2007		2026-10-06	NOAA-NWFSC	
SSA:0020043	alive	2007		2026-10-06	NOAA-NWFSC	
SSA:0020043	presumed_dead	2008		2026-10-06	NOAA-NWFSC	NOAA gives the year only.
SSA:0020044	alive	2009		2026-10-06	NOAA-NWFSC	
SSA:0020045	alive	2009		2026-10-06	NOAA-NWFSC	
SSA:0020046	alive	2009		2026-10-06	NOAA-NWFSC	
SSA:0020047	alive	2010		2026-10-06	NOAA-NWFSC	
SSA:0020048	alive	2011		2026-10-06	NOAA-NWFSC	
SSA:0020048	presumed_dead	2012		2026-10-06	NOAA-NWFSC	NOAA gives the year only.
SSA:0020049	alive	2012		2026-10-06	NOAA-NWFSC	
SSA:0000103	alive	2014		2026-10-06	NOAA-NWFSC	
SSA:0000103	presumed_dead	2018		2026-10-06	NOAA-NWFSC	NOAA gives the year only.
SSA:0020050	alive	2015		2026-10-06	NOAA-NWFSC	
SSA:0020051	alive	2015		2026-10-06	NOAA-NWFSC	
SSA:0020051	presumed_dead	2017		2026-10-06	NOAA-NWFSC	NOAA gives the year only.
SSA:0020052	alive	2015		2026-10-06	NOAA-NWFSC	
SSA:0020053	alive	2015		2026-10-06	NOAA-NWFSC	
SSA:0020053	presumed_dead	2016		2026-10-06	NOAA-NWFSC	NOAA gives the year only.
SSA:0020054	alive	2015		2026-10-06	NOAA-NWFSC	
SSA:0020054	presumed_dead	2016		2026-10-06	NOAA-NWFSC	NOAA gives the year only.
SSA:0020055	alive	2019		2026-10-06	NOAA-NWFSC	
SSA:0000102	alive	2020		2026-10-06	NOAA-NWFSC	
SSA:0020056	alive	2020		2026-10-06	NOAA-NWFSC	
SSA:0020057	alive	2022		2026-10-06	NOAA-NWFSC	
SSA:0020058	presumed_dead	2024		2026-10-06	NOAA-NWFSC	NOAA gives the year only.
SSA:0020059	alive	2024		2026-10-06	NOAA-NWFSC	
SSA:0020060	alive	2025		2026-10-06	NOAA-NWFSC	
SSA:0020061	presumed_dead	2025		2026-10-06	NOAA-NWFSC	NOAA gives the year only.
SSA:0020062	alive	1955		2026-10-06	NOAA-NWFSC	
SSA:0020062	presumed_dead	1997		2026-10-06	NOAA-NWFSC	NOAA gives the year only.
SSA:0020063	alive	1953		2026-10-06	NOAA-NWFSC	
SSA:0020063	presumed_dead	1974		2026-10-06	NOAA-NWFSC	NOAA gives the year only.
SSA:0020064	alive	1956		2026-10-06	NOAA-NWFSC	
SSA:0020064	presumed_dead	1998		2026-10-06	NOAA-NWFSC	NOAA gives the year only.
SSA:0020065	alive	1933		2026-10-06	NOAA-NWFSC	
SSA:0020065	presumed_dead	1999		2026-10-06	NOAA-NWFSC	NOAA gives the year only.
SSA:0020066	alive	1953		2026-10-06	NOAA-NWFSC	
SSA:0020066	presumed_dead	1991		2026-10-06	NOAA-NWFSC	NOAA gives the year only.
SSA:0020067	alive	1910		2026-10-06	NOAA-NWFSC	
SSA:0020067	presumed_dead	2008		2026-10-06	NOAA-NWFSC	NOAA gives the year only.
SSA:0020068	alive	1930		2026-10-06	NOAA-NWFSC	
SSA:0020068	presumed_dead	1989		2026-10-06	NOAA-NWFSC	NOAA gives the year only.
SSA:0020069	alive	1933		2026-10-06	NOAA-NWFSC	
SSA:0020069	presumed_dead	2010		2026-10-06	NOAA-NWFSC	NOAA gives the year only.
SSA:0020070	alive	1971		2026-10-06	NOAA-NWFSC	
SSA:0020071	alive	1972		2026-10-06	NOAA-NWFSC	
SSA:0020071	presumed_dead	2017		2026-10-06	NOAA-NWFSC	NOAA gives the year only.
SSA:0020072	alive	1977		2026-10-06	NOAA-NWFSC	
SSA:0020073	alive	1971		2026-10-06	NOAA-NWFSC	
SSA:0020073	presumed_dead	1975		2026-10-06	NOAA-NWFSC	NOAA gives the year only.
SSA:0020074	alive	1985		2026-10-06	NOAA-NWFSC	
SSA:0020075	alive	1966		2026-10-06	NOAA-NWFSC	
SSA:0020075	presumed_dead	1994		2026-10-06	NOAA-NWFSC	NOAA gives the year only.
SSA:0020076	alive	1948		2026-10-06	NOAA-NWFSC	
SSA:0020076	presumed_dead	2003		2026-10-06	NOAA-NWFSC	NOAA gives the year only.
SSA:0020077	alive	1953		2026-10-06	NOAA-NWFSC	
SSA:0020077	presumed_dead	1984		2026-10-06	NOAA-NWFSC	NOAA gives the year only.
SSA:0020078	alive	1986		2026-10-06	NOAA-NWFSC	
SSA:0020079	alive	1986		2026-10-06	NOAA-NWFSC	
SSA:0020079	presumed_dead	2021		2026-10-06	NOAA-NWFSC	NOAA gives the year only.
SSA:0020080	alive	1987		2026-10-06	NOAA-NWFSC	
SSA:0020081	presumed_dead	1988		2026-10-06	NOAA-NWFSC	NOAA gives the year only.
SSA:0020082	presumed_dead	1990		2026-10-06	NOAA-NWFSC	NOAA gives the year only.
SSA:0020083	alive	1991		2026-10-06	NOAA-NWFSC	
SSA:0020083	presumed_dead	2019		2026-10-06	NOAA-NWFSC	NOAA gives the year only.
SSA:0020084	alive	1993		2026-10-06	NOAA-NWFSC	
SSA:0020084	presumed_dead	2024		2026-10-06	NOAA-NWFSC	NOAA gives the year only.
SSA:0020085	alive	1994		2026-10-06	NOAA-NWFSC	
SSA:0020086	alive	1994		2026-10-06	NOAA-NWFSC	
SSA:0020086	presumed_dead	2006		2026-10-06	NOAA-NWFSC	NOAA gives the year only.
SSA:0020087	alive	1996		2026-10-06	NOAA-NWFSC	
SSA:0020087	presumed_dead	1998		2026-10-06	NOAA-NWFSC	NOAA gives the year only.
SSA:0020088	alive	1929		2026-10-06	NOAA-NWFSC	
SSA:0020088	presumed_dead	1982		2026-10-06	NOAA-NWFSC	NOAA gives the year only.
SSA:0020089	alive	1999		2026-10-06	NOAA-NWFSC	
SSA:0020089	presumed_dead	2005		2026-10-06	NOAA-NWFSC	NOAA gives the year only.
SSA:0020090	presumed_dead	2000		2026-10-06	NOAA-NWFSC	NOAA gives the year only.
SSA:0020091	alive	2001		2026-10-06	NOAA-NWFSC	
SSA:0020092	alive	2001		2026-10-06	NOAA-NWFSC	
SSA:0020092	presumed_dead	2023		2026-10-06	NOAA-NWFSC	NOAA gives the year only.
SSA:0020093	alive	2002		2026-10-06	NOAA-NWFSC	
SSA:0020094	alive	2003		2026-10-06	NOAA-NWFSC	
SSA:0020095	alive	2003		2026-10-06	NOAA-NWFSC	
SSA:0020096	alive	2004		2026-10-06	NOAA-NWFSC	
SSA:0020097	presumed_dead	2006		2026-10-06	NOAA-NWFSC	NOAA gives the year only.
SSA:0020098	alive	1963		2026-10-06	NOAA-NWFSC	
SSA:0020098	presumed_dead	2012		2026-10-06	NOAA-NWFSC	NOAA gives the year only.
SSA:0020099	presumed_dead	2006		2026-10-06	NOAA-NWFSC	NOAA gives the year only.
SSA:0020100	alive	2008		2026-10-06	NOAA-NWFSC	
SSA:0020101	alive	2010		2026-10-06	NOAA-NWFSC	
SSA:0020102	alive	2011		2026-10-06	NOAA-NWFSC	
SSA:0020102	presumed_dead	2022		2026-10-06	NOAA-NWFSC	NOAA gives the year only.
SSA:0020103	alive	2022		2026-10-06	NOAA-NWFSC	
SSA:0020104	alive	1974		2026-10-06	NOAA-NWFSC	
SSA:0020104	presumed_dead	1981		2026-10-06	NOAA-NWFSC	NOAA gives the year only.
SSA:0020105	alive	2025		2026-10-06	NOAA-NWFSC	
SSA:0020106	alive	1959		2026-10-06	NOAA-NWFSC	
SSA:0020106	presumed_dead	2000		2026-10-06	NOAA-NWFSC	NOAA gives the year only.
SSA:0020107	alive	1960		2026-10-06	NOAA-NWFSC	
SSA:0020107	presumed_dead	2013		2026-10-06	NOAA-NWFSC	NOAA gives the year only.
SSA:0020108	alive	1950		2026-10-06	NOAA-NWFSC	
SSA:0020108	presumed_dead	2002		2026-10-06	NOAA-NWFSC	NOAA gives the year only.
SSA:0020109	alive	1949		2026-10-06	NOAA-NWFSC	
SSA:0020109	presumed_dead	1996		2026-10-06	NOAA-NWFSC	NOAA gives the year only.
SSA:0020110	alive	1958		2026-10-06	NOAA-NWFSC	
SSA:0020110	presumed_dead	2012		2026-10-06	NOAA-NWFSC	NOAA gives the year only.
SSA:0020111	alive	1963		2026-10-06	NOAA-NWFSC	
SSA:0020111	presumed_dead	1983		2026-10-06	NOAA-NWFSC	NOAA gives the year only.
SSA:0020112	alive	1961		2026-10-06	NOAA-NWFSC	
SSA:0020112	presumed_dead	2010		2026-10-06	NOAA-NWFSC	NOAA gives the year only.
SSA:0020113	alive	1954		2026-10-06	NOAA-NWFSC	
SSA:0020113	presumed_dead	1977		2026-10-06	NOAA-NWFSC	NOAA gives the year only.
SSA:0020114	alive	1931		2026-10-06	NOAA-NWFSC	
SSA:0020114	presumed_dead	1996		2026-10-06	NOAA-NWFSC	NOAA gives the year only.
SSA:0020115	alive	1954		2026-10-06	NOAA-NWFSC	
SSA:0020115	presumed_dead	1997		2026-10-06	NOAA-NWFSC	NOAA gives the year only.
SSA:0020116	alive	1957		2026-10-06	NOAA-NWFSC	
SSA:0020116	presumed_dead	2000		2026-10-06	NOAA-NWFSC	NOAA gives the year only.
SSA:0020117	alive	1933		2026-10-06	NOAA-NWFSC	
SSA:0020117	presumed_dead	2012		2026-10-06	NOAA-NWFSC	NOAA gives the year only.
SSA:0020118	alive	1952		2026-10-06	NOAA-NWFSC	
SSA:0020118	presumed_dead	1980		2026-10-06	NOAA-NWFSC	NOAA gives the year only.
SSA:0020119	alive	1972		2026-10-06	NOAA-NWFSC	
SSA:0020119	presumed_dead	1989		2026-10-06	NOAA-NWFSC	NOAA gives the year only.
SSA:0020120	alive	1930		2026-10-06	NOAA-NWFSC	
SSA:0020120	presumed_dead	1981		2026-10-06	NOAA-NWFSC	NOAA gives the year only.
SSA:0020121	alive	1949		2026-10-06	NOAA-NWFSC	
SSA:0020121	presumed_dead	1978		2026-10-06	NOAA-NWFSC	NOAA gives the year only.
SSA:0020122	alive	1955		2026-10-06	NOAA-NWFSC	
SSA:0020122	presumed_dead	1982		2026-10-06	NOAA-NWFSC	NOAA gives the year only.
SSA:0020123	alive	1950		2026-10-06	NOAA-NWFSC	
SSA:0020123	presumed_dead	2008		2026-10-06	NOAA-NWFSC	NOAA gives the year only.
SSA:0020124	alive	1971		2026-10-06	NOAA-NWFSC	
SSA:0020125	alive	1952		2026-10-06	NOAA-NWFSC	
SSA:0020125	presumed_dead	1982		2026-10-06	NOAA-NWFSC	NOAA gives the year only.
SSA:0020126	alive	1928		2026-10-06	NOAA-NWFSC	
SSA:0020127	alive	1956		2026-10-06	NOAA-NWFSC	
SSA:0020127	presumed_dead	2013		2026-10-06	NOAA-NWFSC	NOAA gives the year only.
SSA:0020128	alive	1965		2026-10-06	NOAA-NWFSC	
SSA:0020128	presumed_dead	2015		2026-10-06	NOAA-NWFSC	NOAA gives the year only.
SSA:0020129	alive	1949		2026-10-06	NOAA-NWFSC	
SSA:0020129	presumed_dead	1994		2026-10-06	NOAA-NWFSC	NOAA gives the year only.
SSA:0020130	alive	1955		2026-10-06	NOAA-NWFSC	
SSA:0020130	presumed_dead	2005		2026-10-06	NOAA-NWFSC	NOAA gives the year only.
SSA:0020131	alive	1963		2026-10-06	NOAA-NWFSC	
SSA:0020131	presumed_dead	1995		2026-10-06	NOAA-NWFSC	NOAA gives the year only.
SSA:0020132	alive	1942		2026-10-06	NOAA-NWFSC	
SSA:0020132	presumed_dead	1996		2026-10-06	NOAA-NWFSC	NOAA gives the year only.
SSA:0020133	presumed_dead	1975		2026-10-06	NOAA-NWFSC	NOAA gives the year only.
SSA:0020134	alive	1933		2026-10-06	NOAA-NWFSC	
SSA:0020134	presumed_dead	1984		2026-10-06	NOAA-NWFSC	NOAA gives the year only.
SSA:0020135	alive	1965		2026-10-06	NOAA-NWFSC	
SSA:0020135	presumed_dead	1998		2026-10-06	NOAA-NWFSC	NOAA gives the year only.
SSA:0020136	alive	1975		2026-10-06	NOAA-NWFSC	
SSA:0020136	presumed_dead	2000		2026-10-06	NOAA-NWFSC	NOAA gives the year only.
SSA:0020137	alive	1977		2026-10-06	NOAA-NWFSC	
SSA:0020137	presumed_dead	2020		2026-10-06	NOAA-NWFSC	NOAA gives the year only.
SSA:0020138	alive	1973		2026-10-06	NOAA-NWFSC	
SSA:0020138	presumed_dead	1994		2026-10-06	NOAA-NWFSC	NOAA gives the year only.
SSA:0020139	alive	1972		2026-10-06	NOAA-NWFSC	
SSA:0020139	presumed_dead	2006		2026-10-06	NOAA-NWFSC	NOAA gives the year only.
SSA:0020140	alive	1974		2026-10-06	NOAA-NWFSC	
SSA:0020140	presumed_dead	1998		2026-10-06	NOAA-NWFSC	NOAA gives the year only.
SSA:0020141	alive	1938		2026-10-06	NOAA-NWFSC	
SSA:0020141	presumed_dead	1995		2026-10-06	NOAA-NWFSC	NOAA gives the year only.
SSA:0020142	alive	1974		2026-10-06	NOAA-NWFSC	
SSA:0020142	presumed_dead	2021		2026-10-06	NOAA-NWFSC	NOAA gives the year only.
SSA:0020143	alive	1977		2026-10-06	NOAA-NWFSC	
SSA:0020143	presumed_dead	1983		2026-10-06	NOAA-NWFSC	NOAA gives the year only.
SSA:0020144	alive	1979		2026-10-06	NOAA-NWFSC	
SSA:0020144	presumed_dead	1980		2026-10-06	NOAA-NWFSC	NOAA gives the year only.
SSA:0020145	alive	1973		2026-10-06	NOAA-NWFSC	
SSA:0020145	presumed_dead	1989		2026-10-06	NOAA-NWFSC	NOAA gives the year only.
SSA:0020146	alive	1973		2026-10-06	NOAA-NWFSC	
SSA:0020146	presumed_dead	1999		2026-10-06	NOAA-NWFSC	NOAA gives the year only.
SSA:0020147	alive	1980		2026-10-06	NOAA-NWFSC	
SSA:0020147	presumed_dead	1983		2026-10-06	NOAA-NWFSC	NOAA gives the year only.
SSA:0020148	alive	1977		2026-10-06	NOAA-NWFSC	
SSA:0020148	presumed_dead	2014		2026-10-06	NOAA-NWFSC	NOAA gives the year only.
SSA:0020149	alive	1977		2026-10-06	NOAA-NWFSC	
SSA:0020150	alive	1977		2026-10-06	NOAA-NWFSC	
SSA:0020151	alive	1978		2026-10-06	NOAA-NWFSC	
SSA:0020151	presumed_dead	1981		2026-10-06	NOAA-NWFSC	NOAA gives the year only.
SSA:0020152	alive	1977		2026-10-06	NOAA-NWFSC	
SSA:0020152	presumed_dead	2008		2026-10-06	NOAA-NWFSC	NOAA gives the year only.
SSA:0020153	alive	1980		2026-10-06	NOAA-NWFSC	
SSA:0020153	presumed_dead	2002		2026-10-06	NOAA-NWFSC	NOAA gives the year only.
SSA:0020154	presumed_dead	1979		2026-10-06	NOAA-NWFSC	NOAA gives the year only.
SSA:0020155	alive	1971		2026-10-06	NOAA-NWFSC	
SSA:0020155	presumed_dead	2002		2026-10-06	NOAA-NWFSC	NOAA gives the year only.
SSA:0020156	alive	1973		2026-10-06	NOAA-NWFSC	
SSA:0020156	presumed_dead	1996		2026-10-06	NOAA-NWFSC	NOAA gives the year only.
SSA:0020157	alive	1980		2026-10-06	NOAA-NWFSC	
SSA:0020157	presumed_dead	2000		2026-10-06	NOAA-NWFSC	NOAA gives the year only.
SSA:0020158	alive	1984		2026-10-06	NOAA-NWFSC	
SSA:0020158	presumed_dead	1995		2026-10-06	NOAA-NWFSC	NOAA gives the year only.
SSA:0020159	presumed_dead	1985		2026-10-06	NOAA-NWFSC	NOAA gives the year only.
SSA:0020160	alive	1984		2026-10-06	NOAA-NWFSC	
SSA:0020160	presumed_dead	1994		2026-10-06	NOAA-NWFSC	NOAA gives the year only.
SSA:0020161	alive	1924		2026-10-06	NOAA-NWFSC	
SSA:0020161	presumed_dead	1986		2026-10-06	NOAA-NWFSC	NOAA gives the year only.
SSA:0020162	alive	1985		2026-10-06	NOAA-NWFSC	
SSA:0020162	presumed_dead	2008		2026-10-06	NOAA-NWFSC	NOAA gives the year only.
SSA:0020163	alive	1985		2026-10-06	NOAA-NWFSC	
SSA:0020163	presumed_dead	1995		2026-10-06	NOAA-NWFSC	NOAA gives the year only.
SSA:0020164	alive	1984		2026-10-06	NOAA-NWFSC	
SSA:0020164	presumed_dead	1985		2026-10-06	NOAA-NWFSC	NOAA gives the year only.
SSA:0020165	alive	1986		2026-10-06	NOAA-NWFSC	
SSA:0020165	presumed_dead	2006		2026-10-06	NOAA-NWFSC	NOAA gives the year only.
SSA:0020166	alive	1986		2026-10-06	NOAA-NWFSC	
SSA:0020167	alive	1986		2026-10-06	NOAA-NWFSC	
SSA:0020167	presumed_dead	2010		2026-10-06	NOAA-NWFSC	NOAA gives the year only.
SSA:0020168	alive	1986		2026-10-06	NOAA-NWFSC	
SSA:0020168	presumed_dead	2009		2026-10-06	NOAA-NWFSC	NOAA gives the year only.
SSA:0020169	alive	1986		2026-10-06	NOAA-NWFSC	
SSA:0020169	presumed_dead	1993		2026-10-06	NOAA-NWFSC	NOAA gives the year only.
SSA:0020170	presumed_dead	1987		2026-10-06	NOAA-NWFSC	NOAA gives the year only.
SSA:0020171	alive	1987		2026-10-06	NOAA-NWFSC	
SSA:0020172	alive	1989		2026-10-06	NOAA-NWFSC	
SSA:0020172	presumed_dead	2012		2026-10-06	NOAA-NWFSC	NOAA gives the year only.
SSA:0020173	alive	1989		2026-10-06	NOAA-NWFSC	
SSA:0020173	presumed_dead	2013		2026-10-06	NOAA-NWFSC	NOAA gives the year only.
SSA:0020174	alive	1990		2026-10-06	NOAA-NWFSC	
SSA:0020174	presumed_dead	1993		2026-10-06	NOAA-NWFSC	NOAA gives the year only.
SSA:0020175	alive	1990		2026-10-06	NOAA-NWFSC	
SSA:0020175	presumed_dead	1997		2026-10-06	NOAA-NWFSC	NOAA gives the year only.
SSA:0020176	alive	1990		2026-10-06	NOAA-NWFSC	
SSA:0020177	alive	1990		2026-10-06	NOAA-NWFSC	
SSA:0020178	alive	1990		2026-10-06	NOAA-NWFSC	
SSA:0020178	presumed_dead	2019		2026-10-06	NOAA-NWFSC	NOAA gives the year only.
SSA:0020179	alive	1991		2026-10-06	NOAA-NWFSC	
SSA:0020180	alive	1991		2026-10-06	NOAA-NWFSC	
SSA:0000104	alive	1992		2026-10-06	NOAA-NWFSC	
SSA:0020181	alive	1993		2026-10-06	NOAA-NWFSC	
SSA:0020182	alive	1993		2026-10-06	NOAA-NWFSC	
SSA:0020182	presumed_dead	2021		2026-10-06	NOAA-NWFSC	NOAA gives the year only.
SSA:0020183	alive	1993		2026-10-06	NOAA-NWFSC	
SSA:0020184	alive	1995		2026-10-06	NOAA-NWFSC	
SSA:0020185	alive	1995		2026-10-06	NOAA-NWFSC	
SSA:0020185	presumed_dead	2018		2026-10-06	NOAA-NWFSC	NOAA gives the year only.
SSA:0020186	alive	1995		2026-10-06	NOAA-NWFSC	
SSA:0020186	presumed_dead	1998		2026-10-06	NOAA-NWFSC	NOAA gives the year only.
SSA:0020187	alive	1995		2026-10-06	NOAA-NWFSC	
SSA:0020188	alive	1996		2026-10-06	NOAA-NWFSC	
SSA:0020188	presumed_dead	2016		2026-10-06	NOAA-NWFSC	NOAA gives the year only.
SSA:0020189	alive	1996		2026-10-06	NOAA-NWFSC	
SSA:0020189	presumed_dead	1997		2026-10-06	NOAA-NWFSC	NOAA gives the year only.
SSA:0020190	presumed_dead	1999		2026-10-06	NOAA-NWFSC	NOAA gives the year only.
SSA:0020191	alive	1999		2026-10-06	NOAA-NWFSC	
SSA:0020191	presumed_dead	2006		2026-10-06	NOAA-NWFSC	NOAA gives the year only.
SSA:0020192	presumed_dead	2000		2026-10-06	NOAA-NWFSC	NOAA gives the year only.
SSA:0020193	alive	2001		2026-10-06	NOAA-NWFSC	
SSA:0020193	presumed_dead	2014		2026-10-06	NOAA-NWFSC	NOAA gives the year only.
SSA:0020194	alive	2002		2026-10-06	NOAA-NWFSC	
SSA:0020194	presumed_dead	2007		2026-10-06	NOAA-NWFSC	NOAA gives the year only.
SSA:0020195	presumed_dead	2002		2026-10-06	NOAA-NWFSC	NOAA gives the year only.
SSA:0020196	alive	2003		2026-10-06	NOAA-NWFSC	
SSA:0020197	alive	2004		2026-10-06	NOAA-NWFSC	
SSA:0020197	presumed_dead	2006		2026-10-06	NOAA-NWFSC	NOAA gives the year only.
SSA:0020198	alive	2005		2026-10-06	NOAA-NWFSC	
SSA:0020199	alive	2005		2026-10-06	NOAA-NWFSC	
SSA:0020200	presumed_dead	2005		2026-10-06	NOAA-NWFSC	NOAA gives the year only.
SSA:0020201	alive	2006		2026-10-06	NOAA-NWFSC	
SSA:0020202	alive	2007		2026-10-06	NOAA-NWFSC	
SSA:0020203	alive	2007		2026-10-06	NOAA-NWFSC	
SSA:0020204	presumed_dead	2008		2026-10-06	NOAA-NWFSC	NOAA gives the year only.
SSA:0020205	alive	2009		2026-10-06	NOAA-NWFSC	
SSA:0020205	presumed_dead	2012		2026-10-06	NOAA-NWFSC	NOAA gives the year only.
SSA:0020206	alive	2009		2026-10-06	NOAA-NWFSC	
SSA:0020207	presumed_dead	2010		2026-10-06	NOAA-NWFSC	NOAA gives the year only.
SSA:0020208	alive	2010		2026-10-06	NOAA-NWFSC	
SSA:0020209	alive	2010		2026-10-06	NOAA-NWFSC	
SSA:0020210	alive	2010		2026-10-06	NOAA-NWFSC	
SSA:0020211	alive	2011		2026-10-06	NOAA-NWFSC	
SSA:0020212	alive	2012		2026-10-06	NOAA-NWFSC	
SSA:0020213	presumed_dead	2014		2026-10-06	NOAA-NWFSC	NOAA gives the year only.
SSA:0020214	alive	2015		2026-10-06	NOAA-NWFSC	
SSA:0020215	alive	2015		2026-10-06	NOAA-NWFSC	
SSA:0020216	alive	2015		2026-10-06	NOAA-NWFSC	
SSA:0020217	alive	2019		2026-10-06	NOAA-NWFSC	
SSA:0020218	alive	2021		2026-10-06	NOAA-NWFSC	
SSA:0020219	alive	2023		2026-10-06	NOAA-NWFSC	
SSA:0020220	alive	2023		2026-10-06	NOAA-NWFSC	
SSA:0020221	presumed_dead	2024		2026-10-06	NOAA-NWFSC	NOAA gives the year only.
